Run	Library  ID	Customer ID	Plate Location	pool nexus	seq	raw fastq	non-human fastq	Number of trimmed reads	Number of trimmed reads after human removel	% human reads	mean trimmed  read length after human removal	kraken report all data, incl human
29814	cl 5154	B10	E6	pool2	DNA #2	s3://ultimagen-snyder/fastqs_pool2/rg-B10.fastq.gz	s3://ultimagen-snyder/fastqs_pool2_nohuman/rg-B10.fastq.gz	  90,256,789 	  89,045,609 	1.34%	150	s3://ultimagen-snyder/Kraken2_Pool2/rg-B10.fastq.gz.k2_report
29814	cl 5154	B6	E8	pool2	DNA #2	s3://ultimagen-snyder/fastqs_pool2/rg-B6.fastq.gz	s3://ultimagen-snyder/fastqs_pool2_nohuman/rg-B6.fastq.gz	  95,708,368 	  21,842,104 	77.18%	165	s3://ultimagen-snyder/Kraken2_Pool2/rg-B6.fastq.gz.k2_report
29814	cl 5154	B7	A2	pool2	DNA #2	s3://ultimagen-snyder/fastqs_pool2/rg-B7.fastq.gz	s3://ultimagen-snyder/fastqs_pool2_nohuman/rg-B7.fastq.gz	  80,315,707 	  2,363,058 	97.06%	143	s3://ultimagen-snyder/Kraken2_Pool2/rg-B7.fastq.gz.k2_report
29814	cl 5154	B8	E3	pool2	DNA #2	s3://ultimagen-snyder/fastqs_pool2/rg-B8.fastq.gz	s3://ultimagen-snyder/fastqs_pool2_nohuman/rg-B8.fastq.gz	  75,078,019 	  2,997,300 	96.01%	144	s3://ultimagen-snyder/Kraken2_Pool2/rg-B8.fastq.gz.k2_report
29814	cl 5154	B9	A5	pool2	DNA #2	s3://ultimagen-snyder/fastqs_pool2/rg-B9.fastq.gz	s3://ultimagen-snyder/fastqs_pool2_nohuman/rg-B9.fastq.gz	  81,106,411 	  4,451,054 	94.51%	162	s3://ultimagen-snyder/Kraken2_Pool2/rg-B9.fastq.gz.k2_report
29814	cl 5154	T357-F01	G4	pool2	DNA #2	s3://ultimagen-snyder/fastqs_pool2/rg-T357-F01.fastq.gz	s3://ultimagen-snyder/fastqs_pool2_nohuman/rg-T357-F01.fastq.gz	  95,221,332 	  78,573,179 	17.48%	205	s3://ultimagen-snyder/Kraken2_Pool2/rg-T357-F01.fastq.gz.k2_report
29814	cl 5154	T357-F02	H4	pool2	DNA #2	s3://ultimagen-snyder/fastqs_pool2/rg-T357-F02.fastq.gz	s3://ultimagen-snyder/fastqs_pool2_nohuman/rg-T357-F02.fastq.gz	  92,363,272 	  10,939,446 	88.16%	179	s3://ultimagen-snyder/Kraken2_Pool2/rg-T357-F02.fastq.gz.k2_report
29814	cl 5154	T357-F03	B5	pool2	DNA #2	s3://ultimagen-snyder/fastqs_pool2/rg-T357-F03.fastq.gz	s3://ultimagen-snyder/fastqs_pool2_nohuman/rg-T357-F03.fastq.gz	  77,141,367 	  52,171,679 	32.37%	201	s3://ultimagen-snyder/Kraken2_Pool2/rg-T357-F03.fastq.gz.k2_report
29814	cl 5154	T357-F04	C5	pool2	DNA #2	s3://ultimagen-snyder/fastqs_pool2/rg-T357-F04.fastq.gz	s3://ultimagen-snyder/fastqs_pool2_nohuman/rg-T357-F04.fastq.gz	  84,198,459 	  65,652,476 	22.03%	203	s3://ultimagen-snyder/Kraken2_Pool2/rg-T357-F04.fastq.gz.k2_report
29814	cl 5154	T756-F03	B8	pool2	DNA #2	s3://ultimagen-snyder/fastqs_pool2/rg-T756-F03.fastq.gz	s3://ultimagen-snyder/fastqs_pool2_nohuman/rg-T756-F03.fastq.gz	  99,176,887 	  75,391,471 	23.98%	188	s3://ultimagen-snyder/Kraken2_Pool2/rg-T756-F03.fastq.gz.k2_report
29814	cl 5154	T756-F04	C8	pool2	DNA #2	s3://ultimagen-snyder/fastqs_pool2/rg-T756-F04.fastq.gz	s3://ultimagen-snyder/fastqs_pool2_nohuman/rg-T756-F04.fastq.gz	  93,243,773 	  68,931,685 	26.07%	194	s3://ultimagen-snyder/Kraken2_Pool2/rg-T756-F04.fastq.gz.k2_report
29814	cl 5154	T864-F01	C4	pool2	DNA #2	s3://ultimagen-snyder/fastqs_pool2/rg-T864-F01.fastq.gz	s3://ultimagen-snyder/fastqs_pool2_nohuman/rg-T864-F01.fastq.gz	  86,069,663 	  20,098,674 	76.65%	188	s3://ultimagen-snyder/Kraken2_Pool2/rg-T864-F01.fastq.gz.k2_report
29814	cl 5154	T864-F02	D4	pool2	DNA #2	s3://ultimagen-snyder/fastqs_pool2/rg-T864-F02.fastq.gz	s3://ultimagen-snyder/fastqs_pool2_nohuman/rg-T864-F02.fastq.gz	  94,505,784 	  61,200,454 	35.24%	201	s3://ultimagen-snyder/Kraken2_Pool2/rg-T864-F02.fastq.gz.k2_report
29814	cl 5154	T864-F03	E4	pool2	DNA #2	s3://ultimagen-snyder/fastqs_pool2/rg-T864-F03.fastq.gz	s3://ultimagen-snyder/fastqs_pool2_nohuman/rg-T864-F03.fastq.gz	  88,877,845 	  45,148,843 	49.20%	192	s3://ultimagen-snyder/Kraken2_Pool2/rg-T864-F03.fastq.gz.k2_report
29814	cl 5154	T864-F04	F4	pool2	DNA #2	s3://ultimagen-snyder/fastqs_pool2/rg-T864-F04.fastq.gz	s3://ultimagen-snyder/fastqs_pool2_nohuman/rg-T864-F04.fastq.gz	  113,041,392 	  77,487,140 	31.45%	194	s3://ultimagen-snyder/Kraken2_Pool2/rg-T864-F04.fastq.gz.k2_report
29814	cl 5154	T865-F01	D5	pool2	DNA #2	s3://ultimagen-snyder/fastqs_pool2/rg-T865-F01.fastq.gz	s3://ultimagen-snyder/fastqs_pool2_nohuman/rg-T865-F01.fastq.gz	  95,752,067 	  83,839,512 	12.44%	193	s3://ultimagen-snyder/Kraken2_Pool2/rg-T865-F01.fastq.gz.k2_report
29814	cl 5154	T865-F02	E5	pool2	DNA #2	s3://ultimagen-snyder/fastqs_pool2/rg-T865-F02.fastq.gz	s3://ultimagen-snyder/fastqs_pool2_nohuman/rg-T865-F02.fastq.gz	  88,750,785 	  8,948,324 	89.92%	178	s3://ultimagen-snyder/Kraken2_Pool2/rg-T865-F02.fastq.gz.k2_report
29814	cl 5154	T865-F03	F5	pool2	DNA #2	s3://ultimagen-snyder/fastqs_pool2/rg-T865-F03.fastq.gz	s3://ultimagen-snyder/fastqs_pool2_nohuman/rg-T865-F03.fastq.gz	  80,048,376 	  7,401,936 	90.75%	179	s3://ultimagen-snyder/Kraken2_Pool2/rg-T865-F03.fastq.gz.k2_report
29814	cl 5154	T865-F04	G5	pool2	DNA #2	s3://ultimagen-snyder/fastqs_pool2/rg-T865-F04.fastq.gz	s3://ultimagen-snyder/fastqs_pool2_nohuman/rg-T865-F04.fastq.gz	  83,037,614 	  32,922,277 	60.35%	198	s3://ultimagen-snyder/Kraken2_Pool2/rg-T865-F04.fastq.gz.k2_report
29814	cl 5154	T865-F05	H5	pool2	DNA #2	s3://ultimagen-snyder/fastqs_pool2/rg-T865-F05.fastq.gz	s3://ultimagen-snyder/fastqs_pool2_nohuman/rg-T865-F05.fastq.gz	  71,838,256 	  49,345,066 	31.31%	201	s3://ultimagen-snyder/Kraken2_Pool2/rg-T865-F05.fastq.gz.k2_report
29814	cl 5154	T865-F06	A6	pool2	DNA #2	s3://ultimagen-snyder/fastqs_pool2/rg-T865-F06.fastq.gz	s3://ultimagen-snyder/fastqs_pool2_nohuman/rg-T865-F06.fastq.gz	  90,835,510 	  78,813,355 	13.24%	208	s3://ultimagen-snyder/Kraken2_Pool2/rg-T865-F06.fastq.gz.k2_report
29814	cl 5154	T865-F07	B6	pool2	DNA #2	s3://ultimagen-snyder/fastqs_pool2/rg-T865-F07.fastq.gz	s3://ultimagen-snyder/fastqs_pool2_nohuman/rg-T865-F07.fastq.gz	  83,632,800 	  71,301,825 	14.74%	202	s3://ultimagen-snyder/Kraken2_Pool2/rg-T865-F07.fastq.gz.k2_report
29814	cl 5154	T865-F08	C6	pool2	DNA #2	s3://ultimagen-snyder/fastqs_pool2/rg-T865-F08.fastq.gz	s3://ultimagen-snyder/fastqs_pool2_nohuman/rg-T865-F08.fastq.gz	  87,118,483 	  66,771,950 	23.36%	202	s3://ultimagen-snyder/Kraken2_Pool2/rg-T865-F08.fastq.gz.k2_report
29814	cl 5154	T870-F01	G3	pool2	DNA #2	s3://ultimagen-snyder/fastqs_pool2/rg-T870-F01.fastq.gz	s3://ultimagen-snyder/fastqs_pool2_nohuman/rg-T870-F01.fastq.gz	  87,537,163 	  46,304,052 	47.10%	201	s3://ultimagen-snyder/Kraken2_Pool2/rg-T870-F01.fastq.gz.k2_report
29814	cl 5154	T870-F02	H3	pool2	DNA #2	s3://ultimagen-snyder/fastqs_pool2/rg-T870-F02.fastq.gz	s3://ultimagen-snyder/fastqs_pool2_nohuman/rg-T870-F02.fastq.gz	  102,863,413 	  39,564,415 	61.54%	198	s3://ultimagen-snyder/Kraken2_Pool2/rg-T870-F02.fastq.gz.k2_report
29814	cl 5154	T870-F03	A4	pool2	DNA #2	s3://ultimagen-snyder/fastqs_pool2/rg-T870-F03.fastq.gz	s3://ultimagen-snyder/fastqs_pool2_nohuman/rg-T870-F03.fastq.gz	  91,869,270 	  87,553,602 	4.70%	204	s3://ultimagen-snyder/Kraken2_Pool2/rg-T870-F03.fastq.gz.k2_report
29814	cl 5154	T870-F04	B4	pool2	DNA #2	s3://ultimagen-snyder/fastqs_pool2/rg-T870-F04.fastq.gz	s3://ultimagen-snyder/fastqs_pool2_nohuman/rg-T870-F04.fastq.gz	  91,301,461 	  84,574,724 	7.37%	202	s3://ultimagen-snyder/Kraken2_Pool2/rg-T870-F04.fastq.gz.k2_report
29814	cl 5154	T871-F01	D8	pool2	DNA #2	s3://ultimagen-snyder/fastqs_pool2/rg-T871-F01.fastq.gz	s3://ultimagen-snyder/fastqs_pool2_nohuman/rg-T871-F01.fastq.gz	  75,284,474 	  67,780,570 	9.97%	198	s3://ultimagen-snyder/Kraken2_Pool2/rg-T871-F01.fastq.gz.k2_report
29814	cl 5154	T871-F02	F8	pool2	DNA #2	s3://ultimagen-snyder/fastqs_pool2/rg-T871-F02.fastq.gz	s3://ultimagen-snyder/fastqs_pool2_nohuman/rg-T871-F02.fastq.gz	  106,890,903 	  67,609,987 	36.75%	192	s3://ultimagen-snyder/Kraken2_Pool2/rg-T871-F02.fastq.gz.k2_report
29814	cl 5154	T871-F03	G8	pool2	DNA #2	s3://ultimagen-snyder/fastqs_pool2/rg-T871-F03.fastq.gz	s3://ultimagen-snyder/fastqs_pool2_nohuman/rg-T871-F03.fastq.gz	  110,632,818 	  93,039,913 	15.90%	195	s3://ultimagen-snyder/Kraken2_Pool2/rg-T871-F03.fastq.gz.k2_report
29814	cl 5154	T871-F04	H8	pool2	DNA #2	s3://ultimagen-snyder/fastqs_pool2/rg-T871-F04.fastq.gz	s3://ultimagen-snyder/fastqs_pool2_nohuman/rg-T871-F04.fastq.gz	  104,960,229 	  96,994,823 	7.59%	192	s3://ultimagen-snyder/Kraken2_Pool2/rg-T871-F04.fastq.gz.k2_report
29814	cl 5154	T880-F01	D6	pool2	DNA #2	s3://ultimagen-snyder/fastqs_pool2/rg-T880-F01.fastq.gz	s3://ultimagen-snyder/fastqs_pool2_nohuman/rg-T880-F01.fastq.gz	  86,220,796 	  77,034,492 	10.65%	208	s3://ultimagen-snyder/Kraken2_Pool2/rg-T880-F01.fastq.gz.k2_report
29814	cl 5154	T880-F02	F6	pool2	DNA #2	s3://ultimagen-snyder/fastqs_pool2/rg-T880-F02.fastq.gz	s3://ultimagen-snyder/fastqs_pool2_nohuman/rg-T880-F02.fastq.gz	  71,311,753 	  57,212,131 	19.77%	210	s3://ultimagen-snyder/Kraken2_Pool2/rg-T880-F02.fastq.gz.k2_report
29814	cl 5154	T880-F03	G6	pool2	DNA #2	s3://ultimagen-snyder/fastqs_pool2/rg-T880-F03.fastq.gz	s3://ultimagen-snyder/fastqs_pool2_nohuman/rg-T880-F03.fastq.gz	  79,994,829 	  69,796,458 	12.75%	212	s3://ultimagen-snyder/Kraken2_Pool2/rg-T880-F03.fastq.gz.k2_report
29814	cl 5154	T880-F04	H6	pool2	DNA #2	s3://ultimagen-snyder/fastqs_pool2/rg-T880-F04.fastq.gz	s3://ultimagen-snyder/fastqs_pool2_nohuman/rg-T880-F04.fastq.gz	  66,007,258 	  47,458,191 	28.10%	204	s3://ultimagen-snyder/Kraken2_Pool2/rg-T880-F04.fastq.gz.k2_report
29814	cl 5154	T883-F08	A8	pool2	DNA #2	s3://ultimagen-snyder/fastqs_pool2/rg-T883-F08.fastq.gz	s3://ultimagen-snyder/fastqs_pool2_nohuman/rg-T883-F08.fastq.gz	  94,780,790 	  53,706,807 	43.34%	192	s3://ultimagen-snyder/Kraken2_Pool2/rg-T883-F08.fastq.gz.k2_report
29814	cl 5154	T884-F01	A7	pool2	DNA #2	s3://ultimagen-snyder/fastqs_pool2/rg-T884-F01.fastq.gz	s3://ultimagen-snyder/fastqs_pool2_nohuman/rg-T884-F01.fastq.gz	  77,319,528 	  71,584,174 	7.42%	205	s3://ultimagen-snyder/Kraken2_Pool2/rg-T884-F01.fastq.gz.k2_report
29814	cl 5154	T884-F02	B7	pool2	DNA #2	s3://ultimagen-snyder/fastqs_pool2/rg-T884-F02.fastq.gz	s3://ultimagen-snyder/fastqs_pool2_nohuman/rg-T884-F02.fastq.gz	  69,961,211 	  56,385,639 	19.40%	204	s3://ultimagen-snyder/Kraken2_Pool2/rg-T884-F02.fastq.gz.k2_report
29814	cl 5154	T884-F03	C7	pool2	DNA #2	s3://ultimagen-snyder/fastqs_pool2/rg-T884-F03.fastq.gz	s3://ultimagen-snyder/fastqs_pool2_nohuman/rg-T884-F03.fastq.gz	  69,431,897 	  55,618,103 	19.90%	204	s3://ultimagen-snyder/Kraken2_Pool2/rg-T884-F03.fastq.gz.k2_report
29814	cl 5154	T884-F04	D7	pool2	DNA #2	s3://ultimagen-snyder/fastqs_pool2/rg-T884-F04.fastq.gz	s3://ultimagen-snyder/fastqs_pool2_nohuman/rg-T884-F04.fastq.gz	  70,676,996 	  61,100,419 	13.55%	206	s3://ultimagen-snyder/Kraken2_Pool2/rg-T884-F04.fastq.gz.k2_report
29814	cl 5154	T898-F01	B3	pool2	DNA #2	s3://ultimagen-snyder/fastqs_pool2/rg-T898-F01.fastq.gz	s3://ultimagen-snyder/fastqs_pool2_nohuman/rg-T898-F01.fastq.gz	  76,841,172 	  47,098,027 	38.71%	207	s3://ultimagen-snyder/Kraken2_Pool2/rg-T898-F01.fastq.gz.k2_report
29814	cl 5154	T898-F02	C3	pool2	DNA #2	s3://ultimagen-snyder/fastqs_pool2/rg-T898-F02.fastq.gz	s3://ultimagen-snyder/fastqs_pool2_nohuman/rg-T898-F02.fastq.gz	  72,950,566 	  30,547,759 	58.13%	199	s3://ultimagen-snyder/Kraken2_Pool2/rg-T898-F02.fastq.gz.k2_report
29814	cl 5154	T898-F03	D3	pool2	DNA #2	s3://ultimagen-snyder/fastqs_pool2/rg-T898-F03.fastq.gz	s3://ultimagen-snyder/fastqs_pool2_nohuman/rg-T898-F03.fastq.gz	  90,493,403 	  29,720,347 	67.16%	201	s3://ultimagen-snyder/Kraken2_Pool2/rg-T898-F03.fastq.gz.k2_report
29814	cl 5154	T898-F04	F3	pool2	DNA #2	s3://ultimagen-snyder/fastqs_pool2/rg-T898-F04.fastq.gz	s3://ultimagen-snyder/fastqs_pool2_nohuman/rg-T898-F04.fastq.gz	  75,810,851 	  21,618,941 	71.48%	188	s3://ultimagen-snyder/Kraken2_Pool2/rg-T898-F04.fastq.gz.k2_report
29814	cl 5154	T965-F01	E1	pool2	DNA #2	s3://ultimagen-snyder/fastqs_pool2/rg-T965-F01.fastq.gz	s3://ultimagen-snyder/fastqs_pool2_nohuman/rg-T965-F01.fastq.gz	  87,829,809 	  72,407,758 	17.56%	210	s3://ultimagen-snyder/Kraken2_Pool2/rg-T965-F01.fastq.gz.k2_report
29814	cl 5154	T965-F02	F1	pool2	DNA #2	s3://ultimagen-snyder/fastqs_pool2/rg-T965-F02.fastq.gz	s3://ultimagen-snyder/fastqs_pool2_nohuman/rg-T965-F02.fastq.gz	  89,235,844 	  85,159,172 	4.57%	205	s3://ultimagen-snyder/Kraken2_Pool2/rg-T965-F02.fastq.gz.k2_report
29814	cl 5154	T965-F03	G1	pool2	DNA #2	s3://ultimagen-snyder/fastqs_pool2/rg-T965-F03.fastq.gz	s3://ultimagen-snyder/fastqs_pool2_nohuman/rg-T965-F03.fastq.gz	  92,304,271 	  69,267,214 	24.96%	208	s3://ultimagen-snyder/Kraken2_Pool2/rg-T965-F03.fastq.gz.k2_report
29814	cl 5154	T965-F04	H1	pool2	DNA #2	s3://ultimagen-snyder/fastqs_pool2/rg-T965-F04.fastq.gz	s3://ultimagen-snyder/fastqs_pool2_nohuman/rg-T965-F04.fastq.gz	  108,110,448 	  86,977,714 	19.55%	211	s3://ultimagen-snyder/Kraken2_Pool2/rg-T965-F04.fastq.gz.k2_report
29814	cl 5154	T974-F01	F2	pool2	DNA #2	s3://ultimagen-snyder/fastqs_pool2/rg-T974-F01.fastq.gz	s3://ultimagen-snyder/fastqs_pool2_nohuman/rg-T974-F01.fastq.gz	  99,697,093 	  37,750,024 	62.14%	197	s3://ultimagen-snyder/Kraken2_Pool2/rg-T974-F01.fastq.gz.k2_report
29814	cl 5154	T974-F02	G2	pool2	DNA #2	s3://ultimagen-snyder/fastqs_pool2/rg-T974-F02.fastq.gz	s3://ultimagen-snyder/fastqs_pool2_nohuman/rg-T974-F02.fastq.gz	  107,021,434 	  86,955,437 	18.75%	201	s3://ultimagen-snyder/Kraken2_Pool2/rg-T974-F02.fastq.gz.k2_report
29814	cl 5154	T974-F03	H2	pool2	DNA #2	s3://ultimagen-snyder/fastqs_pool2/rg-T974-F03.fastq.gz	s3://ultimagen-snyder/fastqs_pool2_nohuman/rg-T974-F03.fastq.gz	  108,813,842 	  57,409,177 	47.24%	210	s3://ultimagen-snyder/Kraken2_Pool2/rg-T974-F03.fastq.gz.k2_report
29814	cl 5154	T974-F04	A3	pool2	DNA #2	s3://ultimagen-snyder/fastqs_pool2/rg-T974-F04.fastq.gz	s3://ultimagen-snyder/fastqs_pool2_nohuman/rg-T974-F04.fastq.gz	  92,762,028 	  87,984,215 	5.15%	208	s3://ultimagen-snyder/Kraken2_Pool2/rg-T974-F04.fastq.gz.k2_report
29814	cl 5154	T980-F01	B2	pool2	DNA #2	s3://ultimagen-snyder/fastqs_pool2/rg-T980-F01.fastq.gz	s3://ultimagen-snyder/fastqs_pool2_nohuman/rg-T980-F01.fastq.gz	  72,521,609 	  24,724,207 	65.91%	195	s3://ultimagen-snyder/Kraken2_Pool2/rg-T980-F01.fastq.gz.k2_report
29814	cl 5154	T980-F02	C2	pool2	DNA #2	s3://ultimagen-snyder/fastqs_pool2/rg-T980-F02.fastq.gz	s3://ultimagen-snyder/fastqs_pool2_nohuman/rg-T980-F02.fastq.gz	  86,057,317 	  29,975,177 	65.17%	202	s3://ultimagen-snyder/Kraken2_Pool2/rg-T980-F02.fastq.gz.k2_report
29814	cl 5154	T980-F03	D2	pool2	DNA #2	s3://ultimagen-snyder/fastqs_pool2/rg-T980-F03.fastq.gz	s3://ultimagen-snyder/fastqs_pool2_nohuman/rg-T980-F03.fastq.gz	  95,461,565 	  53,588,095 	43.86%	203	s3://ultimagen-snyder/Kraken2_Pool2/rg-T980-F03.fastq.gz.k2_report
29814	cl 5154	T980-F04	E2	pool2	DNA #2	s3://ultimagen-snyder/fastqs_pool2/rg-T980-F04.fastq.gz	s3://ultimagen-snyder/fastqs_pool2_nohuman/rg-T980-F04.fastq.gz	  82,662,364 	  41,485,084 	49.81%	207	s3://ultimagen-snyder/Kraken2_Pool2/rg-T980-F04.fastq.gz.k2_report
29814	cl 5154	T984-F01	A1	pool2	DNA #2	s3://ultimagen-snyder/fastqs_pool2/rg-T984-F01.fastq.gz	s3://ultimagen-snyder/fastqs_pool2_nohuman/rg-T984-F01.fastq.gz	  95,556,519 	  87,299,783 	8.64%	213	s3://ultimagen-snyder/Kraken2_Pool2/rg-T984-F01.fastq.gz.k2_report
29814	cl 5154	T984-F02	B1	pool2	DNA #2	s3://ultimagen-snyder/fastqs_pool2/rg-T984-F02.fastq.gz	s3://ultimagen-snyder/fastqs_pool2_nohuman/rg-T984-F02.fastq.gz	  90,053,510 	  84,042,526 	6.67%	211	s3://ultimagen-snyder/Kraken2_Pool2/rg-T984-F02.fastq.gz.k2_report
29814	cl 5154	T984-F03	C1	pool2	DNA #2	s3://ultimagen-snyder/fastqs_pool2/rg-T984-F03.fastq.gz	s3://ultimagen-snyder/fastqs_pool2_nohuman/rg-T984-F03.fastq.gz	  87,888,942 	  79,749,091 	9.26%	211	s3://ultimagen-snyder/Kraken2_Pool2/rg-T984-F03.fastq.gz.k2_report
29814	cl 5154	T984-F04	D1	pool2	DNA #2	s3://ultimagen-snyder/fastqs_pool2/rg-T984-F04.fastq.gz	s3://ultimagen-snyder/fastqs_pool2_nohuman/rg-T984-F04.fastq.gz	  109,982,793 	  91,397,837 	16.90%	206	s3://ultimagen-snyder/Kraken2_Pool2/rg-T984-F04.fastq.gz.k2_report
29155	cl 5155	B1	A1	pool 3	cDNA #1	s3://ultimagen-snyder/fastqs_pool3/rg-B1.fastq.gz	s3://ultimagen-snyder/fastqs_pool3_nohuman/rg-B1.fastq.gz	  107,688,737 	  103,053,119 	4.30%	191	s3://ultimagen-snyder/Kraken2_Pool3/rg-B1.fastq.gz.k2_report
29155	cl 5155	B10	E12	pool 3	cDNA #1	s3://ultimagen-snyder/fastqs_pool3/rg-B10.fastq.gz	s3://ultimagen-snyder/fastqs_pool3_nohuman/rg-B10.fastq.gz	  41,809,010 	  33,082,655 	20.87%	168	s3://ultimagen-snyder/Kraken2_Pool3/rg-B10.fastq.gz.k2_report
29155	cl 5155	B2	E2	pool 3	cDNA #1	s3://ultimagen-snyder/fastqs_pool3/rg-B2.fastq.gz	s3://ultimagen-snyder/fastqs_pool3_nohuman/rg-B2.fastq.gz	  42,603,155 	  32,949,948 	22.66%	167	s3://ultimagen-snyder/Kraken2_Pool3/rg-B2.fastq.gz.k2_report
29155	cl 5155	B8	E9	pool 3	cDNA #1	s3://ultimagen-snyder/fastqs_pool3/rg-B8.fastq.gz	s3://ultimagen-snyder/fastqs_pool3_nohuman/rg-B8.fastq.gz	  85,159,082 	  83,699,533 	1.71%	187	s3://ultimagen-snyder/Kraken2_Pool3/rg-B8.fastq.gz.k2_report
29155	cl 5155	B9	A11	pool 3	cDNA #1	s3://ultimagen-snyder/fastqs_pool3/rg-B9.fastq.gz	s3://ultimagen-snyder/fastqs_pool3_nohuman/rg-B9.fastq.gz	  48,842,522 	  39,502,116 	19.12%	174	s3://ultimagen-snyder/Kraken2_Pool3/rg-B9.fastq.gz.k2_report
29155	cl 5155	T357-F01	G10	pool 3	cDNA #1	s3://ultimagen-snyder/fastqs_pool3/rg-T357-F01.fastq.gz	s3://ultimagen-snyder/fastqs_pool3_nohuman/rg-T357-F01.fastq.gz	  107,311,954 	  97,601,496 	9.05%	182	s3://ultimagen-snyder/Kraken2_Pool3/rg-T357-F01.fastq.gz.k2_report
29155	cl 5155	T357-F02	H10	pool 3	cDNA #1	s3://ultimagen-snyder/fastqs_pool3/rg-T357-F02.fastq.gz	s3://ultimagen-snyder/fastqs_pool3_nohuman/rg-T357-F02.fastq.gz	  113,245,048 	  78,032,621 	31.09%	188	s3://ultimagen-snyder/Kraken2_Pool3/rg-T357-F02.fastq.gz.k2_report
29155	cl 5155	T357-F03	B11	pool 3	cDNA #1	s3://ultimagen-snyder/fastqs_pool3/rg-T357-F03.fastq.gz	s3://ultimagen-snyder/fastqs_pool3_nohuman/rg-T357-F03.fastq.gz	  92,918,936 	  84,119,448 	9.47%	194	s3://ultimagen-snyder/Kraken2_Pool3/rg-T357-F03.fastq.gz.k2_report
29155	cl 5155	T357-F04	C11	pool 3	cDNA #1	s3://ultimagen-snyder/fastqs_pool3/rg-T357-F04.fastq.gz	s3://ultimagen-snyder/fastqs_pool3_nohuman/rg-T357-F04.fastq.gz	  67,802,421 	  50,838,793 	25.02%	182	s3://ultimagen-snyder/Kraken2_Pool3/rg-T357-F04.fastq.gz.k2_report
29155	cl 5155	T851-F01	B1	pool 3	cDNA #1	s3://ultimagen-snyder/fastqs_pool3/rg-T851-F01.fastq.gz	s3://ultimagen-snyder/fastqs_pool3_nohuman/rg-T851-F01.fastq.gz	  88,858,339 	  68,128,787 	23.33%	191	s3://ultimagen-snyder/Kraken2_Pool3/rg-T851-F01.fastq.gz.k2_report
29155	cl 5155	T851-F02	C1	pool 3	cDNA #1	s3://ultimagen-snyder/fastqs_pool3/rg-T851-F02.fastq.gz	s3://ultimagen-snyder/fastqs_pool3_nohuman/rg-T851-F02.fastq.gz	  70,289,572 	  54,487,997 	22.48%	180	s3://ultimagen-snyder/Kraken2_Pool3/rg-T851-F02.fastq.gz.k2_report
29155	cl 5155	T851-F03	D1	pool 3	cDNA #1	s3://ultimagen-snyder/fastqs_pool3/rg-T851-F03.fastq.gz	s3://ultimagen-snyder/fastqs_pool3_nohuman/rg-T851-F03.fastq.gz	  83,161,475 	  64,803,355 	22.08%	187	s3://ultimagen-snyder/Kraken2_Pool3/rg-T851-F03.fastq.gz.k2_report
29155	cl 5155	T851-F04	E1	pool 3	cDNA #1	s3://ultimagen-snyder/fastqs_pool3/rg-T851-F04.fastq.gz	s3://ultimagen-snyder/fastqs_pool3_nohuman/rg-T851-F04.fastq.gz	  105,261,826 	  91,536,631 	13.04%	189	s3://ultimagen-snyder/Kraken2_Pool3/rg-T851-F04.fastq.gz.k2_report
29155	cl 5155	T852-F01	A3	pool 3	cDNA #1	s3://ultimagen-snyder/fastqs_pool3/rg-T852-F01.fastq.gz	s3://ultimagen-snyder/fastqs_pool3_nohuman/rg-T852-F01.fastq.gz	  97,086,097 	  88,259,256 	9.09%	192	s3://ultimagen-snyder/Kraken2_Pool3/rg-T852-F01.fastq.gz.k2_report
29155	cl 5155	T852-F02	B3	pool 3	cDNA #1	s3://ultimagen-snyder/fastqs_pool3/rg-T852-F02.fastq.gz	s3://ultimagen-snyder/fastqs_pool3_nohuman/rg-T852-F02.fastq.gz	  90,344,605 	  82,826,929 	8.32%	195	s3://ultimagen-snyder/Kraken2_Pool3/rg-T852-F02.fastq.gz.k2_report
29155	cl 5155	T852-F03	C3	pool 3	cDNA #1	s3://ultimagen-snyder/fastqs_pool3/rg-T852-F03.fastq.gz	s3://ultimagen-snyder/fastqs_pool3_nohuman/rg-T852-F03.fastq.gz	  73,887,085 	  66,917,907 	9.43%	179	s3://ultimagen-snyder/Kraken2_Pool3/rg-T852-F03.fastq.gz.k2_report
29155	cl 5155	T852-F04	D3	pool 3	cDNA #1	s3://ultimagen-snyder/fastqs_pool3/rg-T852-F04.fastq.gz	s3://ultimagen-snyder/fastqs_pool3_nohuman/rg-T852-F04.fastq.gz	  87,431,398 	  75,319,240 	13.85%	193	s3://ultimagen-snyder/Kraken2_Pool3/rg-T852-F04.fastq.gz.k2_report
29155	cl 5155	T861-F01	F2	pool 3	cDNA #1	s3://ultimagen-snyder/fastqs_pool3/rg-T861-F01.fastq.gz	s3://ultimagen-snyder/fastqs_pool3_nohuman/rg-T861-F01.fastq.gz	  77,068,908 	  60,778,362 	21.14%	192	s3://ultimagen-snyder/Kraken2_Pool3/rg-T861-F01.fastq.gz.k2_report
29155	cl 5155	T861-F03	G2	pool 3	cDNA #1	s3://ultimagen-snyder/fastqs_pool3/rg-T861-F03.fastq.gz	s3://ultimagen-snyder/fastqs_pool3_nohuman/rg-T861-F03.fastq.gz	  79,686,279 	  62,294,699 	21.83%	186	s3://ultimagen-snyder/Kraken2_Pool3/rg-T861-F03.fastq.gz.k2_report
29155	cl 5155	T861-F04	H2	pool 3	cDNA #1	s3://ultimagen-snyder/fastqs_pool3/rg-T861-F04.fastq.gz	s3://ultimagen-snyder/fastqs_pool3_nohuman/rg-T861-F04.fastq.gz	  93,356,710 	  83,947,396 	10.08%	183	s3://ultimagen-snyder/Kraken2_Pool3/rg-T861-F04.fastq.gz.k2_report
29155	cl 5155	T864-F01	C10	pool 3	cDNA #1	s3://ultimagen-snyder/fastqs_pool3/rg-T864-F01.fastq.gz	s3://ultimagen-snyder/fastqs_pool3_nohuman/rg-T864-F01.fastq.gz	  52,658,137 	  48,518,289 	7.86%	169	s3://ultimagen-snyder/Kraken2_Pool3/rg-T864-F01.fastq.gz.k2_report
29155	cl 5155	T864-F02	D10	pool 3	cDNA #1	s3://ultimagen-snyder/fastqs_pool3/rg-T864-F02.fastq.gz	s3://ultimagen-snyder/fastqs_pool3_nohuman/rg-T864-F02.fastq.gz	  69,853,381 	  59,426,950 	14.93%	183	s3://ultimagen-snyder/Kraken2_Pool3/rg-T864-F02.fastq.gz.k2_report
29155	cl 5155	T864-F03	E10	pool 3	cDNA #1	s3://ultimagen-snyder/fastqs_pool3/rg-T864-F03.fastq.gz	s3://ultimagen-snyder/fastqs_pool3_nohuman/rg-T864-F03.fastq.gz	  74,154,687 	  66,146,572 	10.80%	174	s3://ultimagen-snyder/Kraken2_Pool3/rg-T864-F03.fastq.gz.k2_report
29155	cl 5155	T864-F04	F10	pool 3	cDNA #1	s3://ultimagen-snyder/fastqs_pool3/rg-T864-F04.fastq.gz	s3://ultimagen-snyder/fastqs_pool3_nohuman/rg-T864-F04.fastq.gz	  93,669,712 	  77,892,396 	16.84%	191	s3://ultimagen-snyder/Kraken2_Pool3/rg-T864-F04.fastq.gz.k2_report
29155	cl 5155	T865-F01	D11	pool 3	cDNA #1	s3://ultimagen-snyder/fastqs_pool3/rg-T865-F01.fastq.gz	s3://ultimagen-snyder/fastqs_pool3_nohuman/rg-T865-F01.fastq.gz	  66,913,982 	  48,911,587 	26.90%	186	s3://ultimagen-snyder/Kraken2_Pool3/rg-T865-F01.fastq.gz.k2_report
29155	cl 5155	T865-F02	E11	pool 3	cDNA #1	s3://ultimagen-snyder/fastqs_pool3/rg-T865-F02.fastq.gz	s3://ultimagen-snyder/fastqs_pool3_nohuman/rg-T865-F02.fastq.gz	  47,393,478 	  40,848,396 	13.81%	165	s3://ultimagen-snyder/Kraken2_Pool3/rg-T865-F02.fastq.gz.k2_report
29155	cl 5155	T865-F03	F11	pool 3	cDNA #1	s3://ultimagen-snyder/fastqs_pool3/rg-T865-F03.fastq.gz	s3://ultimagen-snyder/fastqs_pool3_nohuman/rg-T865-F03.fastq.gz	  69,266,395 	  54,462,465 	21.37%	185	s3://ultimagen-snyder/Kraken2_Pool3/rg-T865-F03.fastq.gz.k2_report
29155	cl 5155	T865-F04	G11	pool 3	cDNA #1	s3://ultimagen-snyder/fastqs_pool3/rg-T865-F04.fastq.gz	s3://ultimagen-snyder/fastqs_pool3_nohuman/rg-T865-F04.fastq.gz	  75,489,272 	  70,696,291 	6.35%	172	s3://ultimagen-snyder/Kraken2_Pool3/rg-T865-F04.fastq.gz.k2_report
29155	cl 5155	T865-F05	H11	pool 3	cDNA #1	s3://ultimagen-snyder/fastqs_pool3/rg-T865-F05.fastq.gz	s3://ultimagen-snyder/fastqs_pool3_nohuman/rg-T865-F05.fastq.gz	  99,196,674 	  84,646,983 	14.67%	195	s3://ultimagen-snyder/Kraken2_Pool3/rg-T865-F05.fastq.gz.k2_report
29155	cl 5155	T865-F06	A12	pool 3	cDNA #1	s3://ultimagen-snyder/fastqs_pool3/rg-T865-F06.fastq.gz	s3://ultimagen-snyder/fastqs_pool3_nohuman/rg-T865-F06.fastq.gz	  59,144,493 	  58,947,616 	0.33%	162	s3://ultimagen-snyder/Kraken2_Pool3/rg-T865-F06.fastq.gz.k2_report
29155	cl 5155	T865-F07	B12	pool 3	cDNA #1	s3://ultimagen-snyder/fastqs_pool3/rg-T865-F07.fastq.gz	s3://ultimagen-snyder/fastqs_pool3_nohuman/rg-T865-F07.fastq.gz	  104,581,458 	  78,043,841 	25.38%	198	s3://ultimagen-snyder/Kraken2_Pool3/rg-T865-F07.fastq.gz.k2_report
29155	cl 5155	T865-F08	C12	pool 3	cDNA #1	s3://ultimagen-snyder/fastqs_pool3/rg-T865-F08.fastq.gz	s3://ultimagen-snyder/fastqs_pool3_nohuman/rg-T865-F08.fastq.gz	  102,137,923 	  79,158,341 	22.50%	199	s3://ultimagen-snyder/Kraken2_Pool3/rg-T865-F08.fastq.gz.k2_report
29155	cl 5155	T870-F01	G9	pool 3	cDNA #1	s3://ultimagen-snyder/fastqs_pool3/rg-T870-F01.fastq.gz	s3://ultimagen-snyder/fastqs_pool3_nohuman/rg-T870-F01.fastq.gz	  95,022,610 	  86,044,983 	9.45%	194	s3://ultimagen-snyder/Kraken2_Pool3/rg-T870-F01.fastq.gz.k2_report
29155	cl 5155	T870-F02	H9	pool 3	cDNA #1	s3://ultimagen-snyder/fastqs_pool3/rg-T870-F02.fastq.gz	s3://ultimagen-snyder/fastqs_pool3_nohuman/rg-T870-F02.fastq.gz	  114,322,100 	  100,470,060 	12.12%	195	s3://ultimagen-snyder/Kraken2_Pool3/rg-T870-F02.fastq.gz.k2_report
29155	cl 5155	T870-F03	A10	pool 3	cDNA #1	s3://ultimagen-snyder/fastqs_pool3/rg-T870-F03.fastq.gz	s3://ultimagen-snyder/fastqs_pool3_nohuman/rg-T870-F03.fastq.gz	  108,987,066 	  96,869,299 	11.12%	196	s3://ultimagen-snyder/Kraken2_Pool3/rg-T870-F03.fastq.gz.k2_report
29155	cl 5155	T870-F04	B10	pool 3	cDNA #1	s3://ultimagen-snyder/fastqs_pool3/rg-T870-F04.fastq.gz	s3://ultimagen-snyder/fastqs_pool3_nohuman/rg-T870-F04.fastq.gz	  94,265,982 	  83,850,077 	11.05%	196	s3://ultimagen-snyder/Kraken2_Pool3/rg-T870-F04.fastq.gz.k2_report
29155	cl 5155	T880-F01	D12	pool 3	cDNA #1	s3://ultimagen-snyder/fastqs_pool3/rg-T880-F01.fastq.gz	s3://ultimagen-snyder/fastqs_pool3_nohuman/rg-T880-F01.fastq.gz	  78,801,023 	  63,557,464 	19.34%	196	s3://ultimagen-snyder/Kraken2_Pool3/rg-T880-F01.fastq.gz.k2_report
29155	cl 5155	T880-F02	F12	pool 3	cDNA #1	s3://ultimagen-snyder/fastqs_pool3/rg-T880-F02.fastq.gz	s3://ultimagen-snyder/fastqs_pool3_nohuman/rg-T880-F02.fastq.gz	  107,303,946 	  95,144,051 	11.33%	196	s3://ultimagen-snyder/Kraken2_Pool3/rg-T880-F02.fastq.gz.k2_report
29155	cl 5155	T880-F03	G12	pool 3	cDNA #1	s3://ultimagen-snyder/fastqs_pool3/rg-T880-F03.fastq.gz	s3://ultimagen-snyder/fastqs_pool3_nohuman/rg-T880-F03.fastq.gz	  80,762,249 	  74,257,263 	8.05%	198	s3://ultimagen-snyder/Kraken2_Pool3/rg-T880-F03.fastq.gz.k2_report
29155	cl 5155	T880-F04	H12	pool 3	cDNA #1	s3://ultimagen-snyder/fastqs_pool3/rg-T880-F04.fastq.gz	s3://ultimagen-snyder/fastqs_pool3_nohuman/rg-T880-F04.fastq.gz	  91,431,391 	  83,380,445 	8.81%	191	s3://ultimagen-snyder/Kraken2_Pool3/rg-T880-F04.fastq.gz.k2_report
29155	cl 5155	T884-F01	A6	pool 3	cDNA #1	s3://ultimagen-snyder/fastqs_pool3/rg-T884-F01.fastq.gz	s3://ultimagen-snyder/fastqs_pool3_nohuman/rg-T884-F01.fastq.gz	  97,374,966 	  80,151,750 	17.69%	187	s3://ultimagen-snyder/Kraken2_Pool3/rg-T884-F01.fastq.gz.k2_report
29155	cl 5155	T884-F02	B6	pool 3	cDNA #1	s3://ultimagen-snyder/fastqs_pool3/rg-T884-F02.fastq.gz	s3://ultimagen-snyder/fastqs_pool3_nohuman/rg-T884-F02.fastq.gz	  82,130,901 	  63,190,520 	23.06%	195	s3://ultimagen-snyder/Kraken2_Pool3/rg-T884-F02.fastq.gz.k2_report
29155	cl 5155	T884-F03	C6	pool 3	cDNA #1	s3://ultimagen-snyder/fastqs_pool3/rg-T884-F03.fastq.gz	s3://ultimagen-snyder/fastqs_pool3_nohuman/rg-T884-F03.fastq.gz	  66,968,731 	  50,841,748 	24.08%	194	s3://ultimagen-snyder/Kraken2_Pool3/rg-T884-F03.fastq.gz.k2_report
29155	cl 5155	T884-F04	D6	pool 3	cDNA #1	s3://ultimagen-snyder/fastqs_pool3/rg-T884-F04.fastq.gz	s3://ultimagen-snyder/fastqs_pool3_nohuman/rg-T884-F04.fastq.gz	  52,740,141 	  51,022,682 	3.26%	171	s3://ultimagen-snyder/Kraken2_Pool3/rg-T884-F04.fastq.gz.k2_report
29155	cl 5155	T895-F01	E3	pool 3	cDNA #1	s3://ultimagen-snyder/fastqs_pool3/rg-T895-F01.fastq.gz	s3://ultimagen-snyder/fastqs_pool3_nohuman/rg-T895-F01.fastq.gz	  76,391,684 	  68,921,245 	9.78%	174	s3://ultimagen-snyder/Kraken2_Pool3/rg-T895-F01.fastq.gz.k2_report
29155	cl 5155	T895-F02	F3	pool 3	cDNA #1	s3://ultimagen-snyder/fastqs_pool3/rg-T895-F02.fastq.gz	s3://ultimagen-snyder/fastqs_pool3_nohuman/rg-T895-F02.fastq.gz	  63,004,213 	  55,051,135 	12.62%	179	s3://ultimagen-snyder/Kraken2_Pool3/rg-T895-F02.fastq.gz.k2_report
29155	cl 5155	T895-F03	G3	pool 3	cDNA #1	s3://ultimagen-snyder/fastqs_pool3/rg-T895-F03.fastq.gz	s3://ultimagen-snyder/fastqs_pool3_nohuman/rg-T895-F03.fastq.gz	  99,008,673 	  84,282,634 	14.87%	188	s3://ultimagen-snyder/Kraken2_Pool3/rg-T895-F03.fastq.gz.k2_report
29155	cl 5155	T895-F04	H3	pool 3	cDNA #1	s3://ultimagen-snyder/fastqs_pool3/rg-T895-F04.fastq.gz	s3://ultimagen-snyder/fastqs_pool3_nohuman/rg-T895-F04.fastq.gz	  82,385,538 	  71,149,277 	13.64%	186	s3://ultimagen-snyder/Kraken2_Pool3/rg-T895-F04.fastq.gz.k2_report
29155	cl 5155	T898-F01	B9	pool 3	cDNA #1	s3://ultimagen-snyder/fastqs_pool3/rg-T898-F01.fastq.gz	s3://ultimagen-snyder/fastqs_pool3_nohuman/rg-T898-F01.fastq.gz	  109,622,711 	  99,423,556 	9.30%	194	s3://ultimagen-snyder/Kraken2_Pool3/rg-T898-F01.fastq.gz.k2_report
29155	cl 5155	T898-F02	C9	pool 3	cDNA #1	s3://ultimagen-snyder/fastqs_pool3/rg-T898-F02.fastq.gz	s3://ultimagen-snyder/fastqs_pool3_nohuman/rg-T898-F02.fastq.gz	  95,429,453 	  88,288,857 	7.48%	194	s3://ultimagen-snyder/Kraken2_Pool3/rg-T898-F02.fastq.gz.k2_report
29155	cl 5155	T898-F03	D9	pool 3	cDNA #1	s3://ultimagen-snyder/fastqs_pool3/rg-T898-F03.fastq.gz	s3://ultimagen-snyder/fastqs_pool3_nohuman/rg-T898-F03.fastq.gz	  64,738,810 	  56,527,727 	12.68%	185	s3://ultimagen-snyder/Kraken2_Pool3/rg-T898-F03.fastq.gz.k2_report
29155	cl 5155	T898-F04	F9	pool 3	cDNA #1	s3://ultimagen-snyder/fastqs_pool3/rg-T898-F04.fastq.gz	s3://ultimagen-snyder/fastqs_pool3_nohuman/rg-T898-F04.fastq.gz	  97,183,820 	  90,371,974 	7.01%	191	s3://ultimagen-snyder/Kraken2_Pool3/rg-T898-F04.fastq.gz.k2_report
29155	cl 5155	T907-F01	A2	pool 3	cDNA #1	s3://ultimagen-snyder/fastqs_pool3/rg-T907-F01.fastq.gz	s3://ultimagen-snyder/fastqs_pool3_nohuman/rg-T907-F01.fastq.gz	  77,421,805 	  61,887,981 	20.06%	181	s3://ultimagen-snyder/Kraken2_Pool3/rg-T907-F01.fastq.gz.k2_report
29155	cl 5155	T907-F02	B2	pool 3	cDNA #1	s3://ultimagen-snyder/fastqs_pool3/rg-T907-F02.fastq.gz	s3://ultimagen-snyder/fastqs_pool3_nohuman/rg-T907-F02.fastq.gz	  72,879,862 	  53,307,599 	26.86%	193	s3://ultimagen-snyder/Kraken2_Pool3/rg-T907-F02.fastq.gz.k2_report
29155	cl 5155	T907-F03	C2	pool 3	cDNA #1	s3://ultimagen-snyder/fastqs_pool3/rg-T907-F03.fastq.gz	s3://ultimagen-snyder/fastqs_pool3_nohuman/rg-T907-F03.fastq.gz	  83,984,337 	  63,749,088 	24.09%	188	s3://ultimagen-snyder/Kraken2_Pool3/rg-T907-F03.fastq.gz.k2_report
29155	cl 5155	T907-F04	D2	pool 3	cDNA #1	s3://ultimagen-snyder/fastqs_pool3/rg-T907-F04.fastq.gz	s3://ultimagen-snyder/fastqs_pool3_nohuman/rg-T907-F04.fastq.gz	  86,791,159 	  69,625,457 	19.78%	193	s3://ultimagen-snyder/Kraken2_Pool3/rg-T907-F04.fastq.gz.k2_report
29155	cl 5155	T912-F02	F1	pool 3	cDNA #1	s3://ultimagen-snyder/fastqs_pool3/rg-T912-F02.fastq.gz	s3://ultimagen-snyder/fastqs_pool3_nohuman/rg-T912-F02.fastq.gz	  73,467,571 	  57,009,480 	22.40%	185	s3://ultimagen-snyder/Kraken2_Pool3/rg-T912-F02.fastq.gz.k2_report
29155	cl 5155	T912-F03	G1	pool 3	cDNA #1	s3://ultimagen-snyder/fastqs_pool3/rg-T912-F03.fastq.gz	s3://ultimagen-snyder/fastqs_pool3_nohuman/rg-T912-F03.fastq.gz	  86,755,402 	  64,167,276 	26.04%	193	s3://ultimagen-snyder/Kraken2_Pool3/rg-T912-F03.fastq.gz.k2_report
29155	cl 5155	T912-F04	H1	pool 3	cDNA #1	s3://ultimagen-snyder/fastqs_pool3/rg-T912-F04.fastq.gz	s3://ultimagen-snyder/fastqs_pool3_nohuman/rg-T912-F04.fastq.gz	  101,191,275 	  77,290,427 	23.62%	193	s3://ultimagen-snyder/Kraken2_Pool3/rg-T912-F04.fastq.gz.k2_report
29155	cl 5155	T974-F04	A9	pool 3	cDNA #1	s3://ultimagen-snyder/fastqs_pool3/rg-T974-F04.fastq.gz	s3://ultimagen-snyder/fastqs_pool3_nohuman/rg-T974-F04.fastq.gz	  77,668,273 	  76,462,132 	1.55%	165	s3://ultimagen-snyder/Kraken2_Pool3/rg-T974-F04.fastq.gz.k2_report
29161	cl 5156	B3	A4	pool 4	cDNA #2	s3://ultimagen-snyder/fastqs_pool4/rg-B3.fastq.gz	s3://ultimagen-snyder/fastqs_pool4_nohuman/rg-B3.fastq.gz	  68,579,279 	52,409,573	23.58%	182	s3://ultimagen-snyder/Kraken2_Pool4/rg-B3.fastq.gz.k2_report
29161	cl 5156	B4	E5	pool 4	cDNA #2	s3://ultimagen-snyder/fastqs_pool4/rg-B4.fastq.gz	s3://ultimagen-snyder/fastqs_pool4_nohuman/rg-B4.fastq.gz	  52,389,532 	41,105,476	21.54%	159	s3://ultimagen-snyder/Kraken2_Pool4/rg-B4.fastq.gz.k2_report
29161	cl 5156	B5	A8	pool 4	cDNA #2	s3://ultimagen-snyder/fastqs_pool4/rg-B5.fastq.gz	s3://ultimagen-snyder/fastqs_pool4_nohuman/rg-B5.fastq.gz	  29,006,248 	20,595,363	29.00%	156	s3://ultimagen-snyder/Kraken2_Pool4/rg-B5.fastq.gz.k2_report
29161	cl 5156	B6	E9	pool 4	cDNA #2	s3://ultimagen-snyder/fastqs_pool4/rg-B6.fastq.gz	s3://ultimagen-snyder/fastqs_pool4_nohuman/rg-B6.fastq.gz	  49,779,351 	34,218,035	31.26%	175	s3://ultimagen-snyder/Kraken2_Pool4/rg-B6.fastq.gz.k2_report
29161	cl 5156	B7	A11	pool 4	cDNA #2	s3://ultimagen-snyder/fastqs_pool4/rg-B7.fastq.gz	s3://ultimagen-snyder/fastqs_pool4_nohuman/rg-B7.fastq.gz	  42,778,623 	33,424,940	21.87%	167	s3://ultimagen-snyder/Kraken2_Pool4/rg-B7.fastq.gz.k2_report
29161	cl 5156	T618-F01	F4	pool 4	cDNA #2	s3://ultimagen-snyder/fastqs_pool4/rg-T618-F01.fastq.gz	s3://ultimagen-snyder/fastqs_pool4_nohuman/rg-T618-F01.fastq.gz	  62,858,712 	50,810,351	19.17%	187	s3://ultimagen-snyder/Kraken2_Pool4/rg-T618-F01.fastq.gz.k2_report
29161	cl 5156	T618-F02	G4	pool 4	cDNA #2	s3://ultimagen-snyder/fastqs_pool4/rg-T618-F02.fastq.gz	s3://ultimagen-snyder/fastqs_pool4_nohuman/rg-T618-F02.fastq.gz	  77,839,817 	68,342,647	12.20%	196	s3://ultimagen-snyder/Kraken2_Pool4/rg-T618-F02.fastq.gz.k2_report
29161	cl 5156	T618-F03	H4	pool 4	cDNA #2	s3://ultimagen-snyder/fastqs_pool4/rg-T618-F03.fastq.gz	s3://ultimagen-snyder/fastqs_pool4_nohuman/rg-T618-F03.fastq.gz	  86,257,675 	67,799,231	21.40%	198	s3://ultimagen-snyder/Kraken2_Pool4/rg-T618-F03.fastq.gz.k2_report
29161	cl 5156	T618-F04	A5	pool 4	cDNA #2	s3://ultimagen-snyder/fastqs_pool4/rg-T618-F04.fastq.gz	s3://ultimagen-snyder/fastqs_pool4_nohuman/rg-T618-F04.fastq.gz	  85,620,591 	66,351,855	22.50%	193	s3://ultimagen-snyder/Kraken2_Pool4/rg-T618-F04.fastq.gz.k2_report
29161	cl 5156	T756-F01	G7	pool 4	cDNA #2	s3://ultimagen-snyder/fastqs_pool4/rg-T756-F01.fastq.gz	s3://ultimagen-snyder/fastqs_pool4_nohuman/rg-T756-F01.fastq.gz	  106,957,683 	103,712,616	3.03%	194	s3://ultimagen-snyder/Kraken2_Pool4/rg-T756-F01.fastq.gz.k2_report
29161	cl 5156	T756-F02	H7	pool 4	cDNA #2	s3://ultimagen-snyder/fastqs_pool4/rg-T756-F02.fastq.gz	s3://ultimagen-snyder/fastqs_pool4_nohuman/rg-T756-F02.fastq.gz	  125,334,675 	114,467,277	8.67%	194	s3://ultimagen-snyder/Kraken2_Pool4/rg-T756-F02.fastq.gz.k2_report
29161	cl 5156	T756-F03	B9	pool 4	cDNA #2	s3://ultimagen-snyder/fastqs_pool4/rg-T756-F03.fastq.gz	s3://ultimagen-snyder/fastqs_pool4_nohuman/rg-T756-F03.fastq.gz	  103,018,842 	79,461,626	22.87%	194	s3://ultimagen-snyder/Kraken2_Pool4/rg-T756-F03.fastq.gz.k2_report
29161	cl 5156	T756-F04	C9	pool 4	cDNA #2	s3://ultimagen-snyder/fastqs_pool4/rg-T756-F04.fastq.gz	s3://ultimagen-snyder/fastqs_pool4_nohuman/rg-T756-F04.fastq.gz	  93,302,614 	80,849,050	13.35%	192	s3://ultimagen-snyder/Kraken2_Pool4/rg-T756-F04.fastq.gz.k2_report
29161	cl 5156	T859-F01	B5	pool 4	cDNA #2	s3://ultimagen-snyder/fastqs_pool4/rg-T859-F01.fastq.gz	s3://ultimagen-snyder/fastqs_pool4_nohuman/rg-T859-F01.fastq.gz	  115,771,603 	111,010,065	4.11%	194	s3://ultimagen-snyder/Kraken2_Pool4/rg-T859-F01.fastq.gz.k2_report
29161	cl 5156	T859-F02	C5	pool 4	cDNA #2	s3://ultimagen-snyder/fastqs_pool4/rg-T859-F02.fastq.gz	s3://ultimagen-snyder/fastqs_pool4_nohuman/rg-T859-F02.fastq.gz	  79,100,516 	76,831,772	2.87%	191	s3://ultimagen-snyder/Kraken2_Pool4/rg-T859-F02.fastq.gz.k2_report
29161	cl 5156	T859-F03	D5	pool 4	cDNA #2	s3://ultimagen-snyder/fastqs_pool4/rg-T859-F03.fastq.gz	s3://ultimagen-snyder/fastqs_pool4_nohuman/rg-T859-F03.fastq.gz	  84,916,930 	79,664,285	6.19%	188	s3://ultimagen-snyder/Kraken2_Pool4/rg-T859-F03.fastq.gz.k2_report
29161	cl 5156	T859-F04	B7	pool 4	cDNA #2	s3://ultimagen-snyder/fastqs_pool4/rg-T859-F04.fastq.gz	s3://ultimagen-snyder/fastqs_pool4_nohuman/rg-T859-F04.fastq.gz	  112,390,002 	100,880,530	10.24%	193	s3://ultimagen-snyder/Kraken2_Pool4/rg-T859-F04.fastq.gz.k2_report
29161	cl 5156	T871-F01	D9	pool 4	cDNA #2	s3://ultimagen-snyder/fastqs_pool4/rg-T871-F01.fastq.gz	s3://ultimagen-snyder/fastqs_pool4_nohuman/rg-T871-F01.fastq.gz	  61,182,341 	48,739,676	20.34%	190	s3://ultimagen-snyder/Kraken2_Pool4/rg-T871-F01.fastq.gz.k2_report
29161	cl 5156	T871-F02	F9	pool 4	cDNA #2	s3://ultimagen-snyder/fastqs_pool4/rg-T871-F02.fastq.gz	s3://ultimagen-snyder/fastqs_pool4_nohuman/rg-T871-F02.fastq.gz	  130,910,153 	115,865,030	11.49%	195	s3://ultimagen-snyder/Kraken2_Pool4/rg-T871-F02.fastq.gz.k2_report
29161	cl 5156	T871-F03	G9	pool 4	cDNA #2	s3://ultimagen-snyder/fastqs_pool4/rg-T871-F03.fastq.gz	s3://ultimagen-snyder/fastqs_pool4_nohuman/rg-T871-F03.fastq.gz	  77,540,526 	68,906,790	11.13%	181	s3://ultimagen-snyder/Kraken2_Pool4/rg-T871-F03.fastq.gz.k2_report
29161	cl 5156	T871-F04	H9	pool 4	cDNA #2	s3://ultimagen-snyder/fastqs_pool4/rg-T871-F04.fastq.gz	s3://ultimagen-snyder/fastqs_pool4_nohuman/rg-T871-F04.fastq.gz	  93,453,213 	82,248,438	11.99%	190	s3://ultimagen-snyder/Kraken2_Pool4/rg-T871-F04.fastq.gz.k2_report
29161	cl 5156	T875-F01	C7	pool 4	cDNA #2	s3://ultimagen-snyder/fastqs_pool4/rg-T875-F01.fastq.gz	s3://ultimagen-snyder/fastqs_pool4_nohuman/rg-T875-F01.fastq.gz	  109,928,418 	81,227,389	26.11%	199	s3://ultimagen-snyder/Kraken2_Pool4/rg-T875-F01.fastq.gz.k2_report
29161	cl 5156	T875-F02	D7	pool 4	cDNA #2	s3://ultimagen-snyder/fastqs_pool4/rg-T875-F02.fastq.gz	s3://ultimagen-snyder/fastqs_pool4_nohuman/rg-T875-F02.fastq.gz	  97,461,371 	92,780,633	4.80%	173	s3://ultimagen-snyder/Kraken2_Pool4/rg-T875-F02.fastq.gz.k2_report
29161	cl 5156	T875-F03	E7	pool 4	cDNA #2	s3://ultimagen-snyder/fastqs_pool4/rg-T875-F03.fastq.gz	s3://ultimagen-snyder/fastqs_pool4_nohuman/rg-T875-F03.fastq.gz	  111,821,628 	80,606,871	27.91%	192	s3://ultimagen-snyder/Kraken2_Pool4/rg-T875-F03.fastq.gz.k2_report
29161	cl 5156	T875-F04	F7	pool 4	cDNA #2	s3://ultimagen-snyder/fastqs_pool4/rg-T875-F04.fastq.gz	s3://ultimagen-snyder/fastqs_pool4_nohuman/rg-T875-F04.fastq.gz	  99,138,676 	71,936,021	27.44%	194	s3://ultimagen-snyder/Kraken2_Pool4/rg-T875-F04.fastq.gz.k2_report
29161	cl 5156	T881-F01	B4	pool 4	cDNA #2	s3://ultimagen-snyder/fastqs_pool4/rg-T881-F01.fastq.gz	s3://ultimagen-snyder/fastqs_pool4_nohuman/rg-T881-F01.fastq.gz	  104,297,572 	100,923,268	3.24%	195	s3://ultimagen-snyder/Kraken2_Pool4/rg-T881-F01.fastq.gz.k2_report
29161	cl 5156	T881-F02	C4	pool 4	cDNA #2	s3://ultimagen-snyder/fastqs_pool4/rg-T881-F02.fastq.gz	s3://ultimagen-snyder/fastqs_pool4_nohuman/rg-T881-F02.fastq.gz	  98,575,732 	95,630,847	2.99%	195	s3://ultimagen-snyder/Kraken2_Pool4/rg-T881-F02.fastq.gz.k2_report
29161	cl 5156	T881-F03	D4	pool 4	cDNA #2	s3://ultimagen-snyder/fastqs_pool4/rg-T881-F03.fastq.gz	s3://ultimagen-snyder/fastqs_pool4_nohuman/rg-T881-F03.fastq.gz	  101,932,496 	97,456,948	4.39%	194	s3://ultimagen-snyder/Kraken2_Pool4/rg-T881-F03.fastq.gz.k2_report
29161	cl 5156	T881-F04	E4	pool 4	cDNA #2	s3://ultimagen-snyder/fastqs_pool4/rg-T881-F04.fastq.gz	s3://ultimagen-snyder/fastqs_pool4_nohuman/rg-T881-F04.fastq.gz	  56,122,754 	47,363,456	15.61%	174	s3://ultimagen-snyder/Kraken2_Pool4/rg-T881-F04.fastq.gz.k2_report
29161	cl 5156	T883-F01	B8	pool 4	cDNA #2	s3://ultimagen-snyder/fastqs_pool4/rg-T883-F01.fastq.gz	s3://ultimagen-snyder/fastqs_pool4_nohuman/rg-T883-F01.fastq.gz	  77,607,886 	60,162,452	22.48%	189	s3://ultimagen-snyder/Kraken2_Pool4/rg-T883-F01.fastq.gz.k2_report
29161	cl 5156	T883-F02	C8	pool 4	cDNA #2	s3://ultimagen-snyder/fastqs_pool4/rg-T883-F02.fastq.gz	s3://ultimagen-snyder/fastqs_pool4_nohuman/rg-T883-F02.fastq.gz	  104,695,480 	88,908,503	15.08%	197	s3://ultimagen-snyder/Kraken2_Pool4/rg-T883-F02.fastq.gz.k2_report
29161	cl 5156	T883-F03	D8	pool 4	cDNA #2	s3://ultimagen-snyder/fastqs_pool4/rg-T883-F03.fastq.gz	s3://ultimagen-snyder/fastqs_pool4_nohuman/rg-T883-F03.fastq.gz	  104,133,174 	93,849,367	9.88%	194	s3://ultimagen-snyder/Kraken2_Pool4/rg-T883-F03.fastq.gz.k2_report
29161	cl 5156	T883-F04	E8	pool 4	cDNA #2	s3://ultimagen-snyder/fastqs_pool4/rg-T883-F04.fastq.gz	s3://ultimagen-snyder/fastqs_pool4_nohuman/rg-T883-F04.fastq.gz	  113,060,096 	89,997,828	20.40%	195	s3://ultimagen-snyder/Kraken2_Pool4/rg-T883-F04.fastq.gz.k2_report
29161	cl 5156	T883-F05	F8	pool 4	cDNA #2	s3://ultimagen-snyder/fastqs_pool4/rg-T883-F05.fastq.gz	s3://ultimagen-snyder/fastqs_pool4_nohuman/rg-T883-F05.fastq.gz	  107,829,185 	100,527,111	6.77%	193	s3://ultimagen-snyder/Kraken2_Pool4/rg-T883-F05.fastq.gz.k2_report
29161	cl 5156	T883-F06	G8	pool 4	cDNA #2	s3://ultimagen-snyder/fastqs_pool4/rg-T883-F06.fastq.gz	s3://ultimagen-snyder/fastqs_pool4_nohuman/rg-T883-F06.fastq.gz	  102,292,049 	94,623,160	7.50%	198	s3://ultimagen-snyder/Kraken2_Pool4/rg-T883-F06.fastq.gz.k2_report
29161	cl 5156	T883-F07	H8	pool 4	cDNA #2	s3://ultimagen-snyder/fastqs_pool4/rg-T883-F07.fastq.gz	s3://ultimagen-snyder/fastqs_pool4_nohuman/rg-T883-F07.fastq.gz	  66,075,750 	61,149,068	7.46%	169	s3://ultimagen-snyder/Kraken2_Pool4/rg-T883-F07.fastq.gz.k2_report
29161	cl 5156	T883-F08	A9	pool 4	cDNA #2	s3://ultimagen-snyder/fastqs_pool4/rg-T883-F08.fastq.gz	s3://ultimagen-snyder/fastqs_pool4_nohuman/rg-T883-F08.fastq.gz	  67,555,401 	64,347,975	4.75%	161	s3://ultimagen-snyder/Kraken2_Pool4/rg-T883-F08.fastq.gz.k2_report
29161	cl 5156	T965-F01	E10	pool 4	cDNA #2	s3://ultimagen-snyder/fastqs_pool4/rg-T965-F01.fastq.gz	s3://ultimagen-snyder/fastqs_pool4_nohuman/rg-T965-F01.fastq.gz	  94,767,361 	87,853,616	7.30%	190	s3://ultimagen-snyder/Kraken2_Pool4/rg-T965-F01.fastq.gz.k2_report
29161	cl 5156	T965-F02	F10	pool 4	cDNA #2	s3://ultimagen-snyder/fastqs_pool4/rg-T965-F02.fastq.gz	s3://ultimagen-snyder/fastqs_pool4_nohuman/rg-T965-F02.fastq.gz	  74,537,620 	63,193,969	15.22%	193	s3://ultimagen-snyder/Kraken2_Pool4/rg-T965-F02.fastq.gz.k2_report
29161	cl 5156	T965-F03	G10	pool 4	cDNA #2	s3://ultimagen-snyder/fastqs_pool4/rg-T965-F03.fastq.gz	s3://ultimagen-snyder/fastqs_pool4_nohuman/rg-T965-F03.fastq.gz	  88,851,901 	78,252,580	11.93%	191	s3://ultimagen-snyder/Kraken2_Pool4/rg-T965-F03.fastq.gz.k2_report
29161	cl 5156	T965-F04	H10	pool 4	cDNA #2	s3://ultimagen-snyder/fastqs_pool4/rg-T965-F04.fastq.gz	s3://ultimagen-snyder/fastqs_pool4_nohuman/rg-T965-F04.fastq.gz	  70,724,133 	60,622,466	14.28%	192	s3://ultimagen-snyder/Kraken2_Pool4/rg-T965-F04.fastq.gz.k2_report
29161	cl 5156	T971-F01	F5	pool 4	cDNA #2	s3://ultimagen-snyder/fastqs_pool4/rg-T971-F01.fastq.gz	s3://ultimagen-snyder/fastqs_pool4_nohuman/rg-T971-F01.fastq.gz	  102,159,093 	68,132,561	33.31%	190	s3://ultimagen-snyder/Kraken2_Pool4/rg-T971-F01.fastq.gz.k2_report
29161	cl 5156	T971-F02	G5	pool 4	cDNA #2	s3://ultimagen-snyder/fastqs_pool4/rg-T971-F02.fastq.gz	s3://ultimagen-snyder/fastqs_pool4_nohuman/rg-T971-F02.fastq.gz	  54,817,929 	43,391,541	20.84%	195	s3://ultimagen-snyder/Kraken2_Pool4/rg-T971-F02.fastq.gz.k2_report
29161	cl 5156	T971-F03	H5	pool 4	cDNA #2	s3://ultimagen-snyder/fastqs_pool4/rg-T971-F03.fastq.gz	s3://ultimagen-snyder/fastqs_pool4_nohuman/rg-T971-F03.fastq.gz	  63,346,244 	50,543,241	20.21%	189	s3://ultimagen-snyder/Kraken2_Pool4/rg-T971-F03.fastq.gz.k2_report
29161	cl 5156	T971-F04	A7	pool 4	cDNA #2	s3://ultimagen-snyder/fastqs_pool4/rg-T971-F04.fastq.gz	s3://ultimagen-snyder/fastqs_pool4_nohuman/rg-T971-F04.fastq.gz	  103,733,804 	86,728,707	16.39%	188	s3://ultimagen-snyder/Kraken2_Pool4/rg-T971-F04.fastq.gz.k2_report
29161	cl 5156	T974-F01	F11	pool 4	cDNA #2	s3://ultimagen-snyder/fastqs_pool4/rg-T974-F01.fastq.gz	s3://ultimagen-snyder/fastqs_pool4_nohuman/rg-T974-F01.fastq.gz	  54,641,606 	47,671,303	12.76%	170	s3://ultimagen-snyder/Kraken2_Pool4/rg-T974-F01.fastq.gz.k2_report
29161	cl 5156	T974-F02	G11	pool 4	cDNA #2	s3://ultimagen-snyder/fastqs_pool4/rg-T974-F02.fastq.gz	s3://ultimagen-snyder/fastqs_pool4_nohuman/rg-T974-F02.fastq.gz	  61,166,753 	45,874,900	25.00%	193	s3://ultimagen-snyder/Kraken2_Pool4/rg-T974-F02.fastq.gz.k2_report
29161	cl 5156	T974-F03	H11	pool 4	cDNA #2	s3://ultimagen-snyder/fastqs_pool4/rg-T974-F03.fastq.gz	s3://ultimagen-snyder/fastqs_pool4_nohuman/rg-T974-F03.fastq.gz	  43,743,759 	37,370,087	14.57%	183	s3://ultimagen-snyder/Kraken2_Pool4/rg-T974-F03.fastq.gz.k2_report
29161	cl 5156	T980-F01	B11	pool 4	cDNA #2	s3://ultimagen-snyder/fastqs_pool4/rg-T980-F01.fastq.gz	s3://ultimagen-snyder/fastqs_pool4_nohuman/rg-T980-F01.fastq.gz	  62,353,781 	52,355,514	16.03%	190	s3://ultimagen-snyder/Kraken2_Pool4/rg-T980-F01.fastq.gz.k2_report
29161	cl 5156	T980-F02	C11	pool 4	cDNA #2	s3://ultimagen-snyder/fastqs_pool4/rg-T980-F02.fastq.gz	s3://ultimagen-snyder/fastqs_pool4_nohuman/rg-T980-F02.fastq.gz	  57,429,858 	49,149,386	14.42%	175	s3://ultimagen-snyder/Kraken2_Pool4/rg-T980-F02.fastq.gz.k2_report
29161	cl 5156	T980-F03	D11	pool 4	cDNA #2	s3://ultimagen-snyder/fastqs_pool4/rg-T980-F03.fastq.gz	s3://ultimagen-snyder/fastqs_pool4_nohuman/rg-T980-F03.fastq.gz	  51,181,723 	40,852,404	20.18%	178	s3://ultimagen-snyder/Kraken2_Pool4/rg-T980-F03.fastq.gz.k2_report
29161	cl 5156	T980-F04	E11	pool 4	cDNA #2	s3://ultimagen-snyder/fastqs_pool4/rg-T980-F04.fastq.gz	s3://ultimagen-snyder/fastqs_pool4_nohuman/rg-T980-F04.fastq.gz	  57,141,952 	47,191,096	17.41%	191	s3://ultimagen-snyder/Kraken2_Pool4/rg-T980-F04.fastq.gz.k2_report
29161	cl 5156	T984-F01	A10	pool 4	cDNA #2	s3://ultimagen-snyder/fastqs_pool4/rg-T984-F01.fastq.gz	s3://ultimagen-snyder/fastqs_pool4_nohuman/rg-T984-F01.fastq.gz	  106,144,014 	99,265,618	6.48%	196	s3://ultimagen-snyder/Kraken2_Pool4/rg-T984-F01.fastq.gz.k2_report
29161	cl 5156	T984-F02	B10	pool 4	cDNA #2	s3://ultimagen-snyder/fastqs_pool4/rg-T984-F02.fastq.gz	s3://ultimagen-snyder/fastqs_pool4_nohuman/rg-T984-F02.fastq.gz	  103,271,251 	96,707,237	6.36%	196	s3://ultimagen-snyder/Kraken2_Pool4/rg-T984-F02.fastq.gz.k2_report
29161	cl 5156	T984-F03	C10	pool 4	cDNA #2	s3://ultimagen-snyder/fastqs_pool4/rg-T984-F03.fastq.gz	s3://ultimagen-snyder/fastqs_pool4_nohuman/rg-T984-F03.fastq.gz	  107,811,697 	101,757,160	5.62%	193	s3://ultimagen-snyder/Kraken2_Pool4/rg-T984-F03.fastq.gz.k2_report
29161	cl 5156	T984-F04	D10	pool 4	cDNA #2	s3://ultimagen-snyder/fastqs_pool4/rg-T984-F04.fastq.gz	s3://ultimagen-snyder/fastqs_pool4_nohuman/rg-T984-F04.fastq.gz	  99,787,669 	  95,914,832 	3.88%	196	s3://ultimagen-snyder/Kraken2_Pool4/rg-T984-F04.fastq.gz.k2_report
29169	cl 5153	B1	A1	pool 1	DNA #1	s3://ultimagen-snyder/fastqs_pool1/rg-B1.fastq.gz	s3://ultimagen-snyder/fastqs_pool1_nohuman/rg-B1.fastq.gz	  72,055,252 	  51,078,016 	29.11%	149	s3://ultimagen-snyder/Kraken2_Pool1/rg-B1.fastq.gz.k2_report
29169	cl 5153	B2	B1	pool 1	DNA #1	s3://ultimagen-snyder/fastqs_pool1/rg-B2.fastq.gz	s3://ultimagen-snyder/fastqs_pool1_nohuman/rg-B2.fastq.gz	  127,595,544 	  9,880,065 	92.26%	144	s3://ultimagen-snyder/Kraken2_Pool1/rg-B2.fastq.gz.k2_report
29169	cl 5153	B3	C1	pool 1	DNA #1	s3://ultimagen-snyder/fastqs_pool1/rg-B3.fastq.gz	s3://ultimagen-snyder/fastqs_pool1_nohuman/rg-B3.fastq.gz	  62,680,980 	  11,816,056 	81.15%	161	s3://ultimagen-snyder/Kraken2_Pool1/rg-B3.fastq.gz.k2_report
29169	cl 5153	B4	D1	pool 1	DNA #1	s3://ultimagen-snyder/fastqs_pool1/rg-B4.fastq.gz	s3://ultimagen-snyder/fastqs_pool1_nohuman/rg-B4.fastq.gz	  116,401,416 	  15,623,999 	86.58%	176	s3://ultimagen-snyder/Kraken2_Pool1/rg-B4.fastq.gz.k2_report
29169	cl 5153	B5	E1	pool 1	DNA #1	s3://ultimagen-snyder/fastqs_pool1/rg-B5.fastq.gz	s3://ultimagen-snyder/fastqs_pool1_nohuman/rg-B5.fastq.gz	  74,435,454 	  31,013,229 	58.34%	158	s3://ultimagen-snyder/Kraken2_Pool1/rg-B5.fastq.gz.k2_report
29169	cl 5153	T618-F01	F1	pool 1	DNA #1	s3://ultimagen-snyder/fastqs_pool1/rg-T618-F01.fastq.gz	s3://ultimagen-snyder/fastqs_pool1_nohuman/rg-T618-F01.fastq.gz	  104,221,676 	  93,029,571 	10.74%	151	s3://ultimagen-snyder/Kraken2_Pool1/rg-T618-F01.fastq.gz.k2_report
29169	cl 5153	T618-F02	G1	pool 1	DNA #1	s3://ultimagen-snyder/fastqs_pool1/rg-T618-F02.fastq.gz	s3://ultimagen-snyder/fastqs_pool1_nohuman/rg-T618-F02.fastq.gz	  150,120,880 	  129,211,200 	13.93%	186	s3://ultimagen-snyder/Kraken2_Pool1/rg-T618-F02.fastq.gz.k2_report
29169	cl 5153	T618-F03	H1	pool 1	DNA #1	s3://ultimagen-snyder/fastqs_pool1/rg-T618-F03.fastq.gz	s3://ultimagen-snyder/fastqs_pool1_nohuman/rg-T618-F03.fastq.gz	  150,830,819 	  120,616,058 	20.03%	186	s3://ultimagen-snyder/Kraken2_Pool1/rg-T618-F03.fastq.gz.k2_report
29169	cl 5153	T618-F04	A2	pool 1	DNA #1	s3://ultimagen-snyder/fastqs_pool1/rg-T618-F04.fastq.gz	s3://ultimagen-snyder/fastqs_pool1_nohuman/rg-T618-F04.fastq.gz	  113,887,267 	  99,827,543 	12.35%	181	s3://ultimagen-snyder/Kraken2_Pool1/rg-T618-F04.fastq.gz.k2_report
29169	cl 5153	T756-F01	B2	pool 1	DNA #1	s3://ultimagen-snyder/fastqs_pool1/rg-T756-F01.fastq.gz	s3://ultimagen-snyder/fastqs_pool1_nohuman/rg-T756-F01.fastq.gz	  141,105,398 	  82,323,855 	41.66%	187	s3://ultimagen-snyder/Kraken2_Pool1/rg-T756-F01.fastq.gz.k2_report
29169	cl 5153	T756-F02	C2	pool 1	DNA #1	s3://ultimagen-snyder/fastqs_pool1/rg-T756-F02.fastq.gz	s3://ultimagen-snyder/fastqs_pool1_nohuman/rg-T756-F02.fastq.gz	  125,400,082 	  92,343,721 	26.36%	192	s3://ultimagen-snyder/Kraken2_Pool1/rg-T756-F02.fastq.gz.k2_report
29169	cl 5153	T851-F01	D2	pool 1	DNA #1	s3://ultimagen-snyder/fastqs_pool1/rg-T851-F01.fastq.gz	s3://ultimagen-snyder/fastqs_pool1_nohuman/rg-T851-F01.fastq.gz	  107,952,350 	  101,572,196 	5.91%	177	s3://ultimagen-snyder/Kraken2_Pool1/rg-T851-F01.fastq.gz.k2_report
29169	cl 5153	T851-F02	E2	pool 1	DNA #1	s3://ultimagen-snyder/fastqs_pool1/rg-T851-F02.fastq.gz	s3://ultimagen-snyder/fastqs_pool1_nohuman/rg-T851-F02.fastq.gz	  78,199,709 	  72,328,570 	7.51%	176	s3://ultimagen-snyder/Kraken2_Pool1/rg-T851-F02.fastq.gz.k2_report
29169	cl 5153	T851-F03	F2	pool 1	DNA #1	s3://ultimagen-snyder/fastqs_pool1/rg-T851-F03.fastq.gz	s3://ultimagen-snyder/fastqs_pool1_nohuman/rg-T851-F03.fastq.gz	  116,496,451 	  101,975,950 	12.46%	185	s3://ultimagen-snyder/Kraken2_Pool1/rg-T851-F03.fastq.gz.k2_report
29169	cl 5153	T851-F04	G2	pool 1	DNA #1	s3://ultimagen-snyder/fastqs_pool1/rg-T851-F04.fastq.gz	s3://ultimagen-snyder/fastqs_pool1_nohuman/rg-T851-F04.fastq.gz	  124,311,401 	  96,686,302 	22.22%	189	s3://ultimagen-snyder/Kraken2_Pool1/rg-T851-F04.fastq.gz.k2_report
29169	cl 5153	T852-F01	H2	pool 1	DNA #1	s3://ultimagen-snyder/fastqs_pool1/rg-T852-F01.fastq.gz	s3://ultimagen-snyder/fastqs_pool1_nohuman/rg-T852-F01.fastq.gz	  100,442,830 	  53,474,553 	46.76%	181	s3://ultimagen-snyder/Kraken2_Pool1/rg-T852-F01.fastq.gz.k2_report
29169	cl 5153	T852-F02	A3	pool 1	DNA #1	s3://ultimagen-snyder/fastqs_pool1/rg-T852-F02.fastq.gz	s3://ultimagen-snyder/fastqs_pool1_nohuman/rg-T852-F02.fastq.gz	  96,615,399 	  49,760,418 	48.50%	185	s3://ultimagen-snyder/Kraken2_Pool1/rg-T852-F02.fastq.gz.k2_report
29169	cl 5153	T852-F03	B3	pool 1	DNA #1	s3://ultimagen-snyder/fastqs_pool1/rg-T852-F03.fastq.gz	s3://ultimagen-snyder/fastqs_pool1_nohuman/rg-T852-F03.fastq.gz	  108,627,707 	  63,381,606 	41.65%	184	s3://ultimagen-snyder/Kraken2_Pool1/rg-T852-F03.fastq.gz.k2_report
29169	cl 5153	T852-F04	C3	pool 1	DNA #1	s3://ultimagen-snyder/fastqs_pool1/rg-T852-F04.fastq.gz	s3://ultimagen-snyder/fastqs_pool1_nohuman/rg-T852-F04.fastq.gz	  123,917,092 	  31,302,123 	74.74%	180	s3://ultimagen-snyder/Kraken2_Pool1/rg-T852-F04.fastq.gz.k2_report
29169	cl 5153	T859-F01	D3	pool 1	DNA #1	s3://ultimagen-snyder/fastqs_pool1/rg-T859-F01.fastq.gz	s3://ultimagen-snyder/fastqs_pool1_nohuman/rg-T859-F01.fastq.gz	  141,158,890 	  60,462,690 	57.17%	188	s3://ultimagen-snyder/Kraken2_Pool1/rg-T859-F01.fastq.gz.k2_report
29169	cl 5153	T859-F02	E3	pool 1	DNA #1	s3://ultimagen-snyder/fastqs_pool1/rg-T859-F02.fastq.gz	s3://ultimagen-snyder/fastqs_pool1_nohuman/rg-T859-F02.fastq.gz	  121,378,728 	  54,559,906 	55.05%	177	s3://ultimagen-snyder/Kraken2_Pool1/rg-T859-F02.fastq.gz.k2_report
29169	cl 5153	T859-F03	F3	pool 1	DNA #1	s3://ultimagen-snyder/fastqs_pool1/rg-T859-F03.fastq.gz	s3://ultimagen-snyder/fastqs_pool1_nohuman/rg-T859-F03.fastq.gz	  92,571,108 	  31,966,845 	65.47%	176	s3://ultimagen-snyder/Kraken2_Pool1/rg-T859-F03.fastq.gz.k2_report
29169	cl 5153	T859-F04	G3	pool 1	DNA #1	s3://ultimagen-snyder/fastqs_pool1/rg-T859-F04.fastq.gz	s3://ultimagen-snyder/fastqs_pool1_nohuman/rg-T859-F04.fastq.gz	  76,907,859 	  35,786,398 	53.47%	187	s3://ultimagen-snyder/Kraken2_Pool1/rg-T859-F04.fastq.gz.k2_report
29169	cl 5153	T861-F01	H3	pool 1	DNA #1	s3://ultimagen-snyder/fastqs_pool1/rg-T861-F01.fastq.gz	s3://ultimagen-snyder/fastqs_pool1_nohuman/rg-T861-F01.fastq.gz	  122,380,200 	  22,475,924 	81.63%	174	s3://ultimagen-snyder/Kraken2_Pool1/rg-T861-F01.fastq.gz.k2_report
29169	cl 5153	T861-F03	A4	pool 1	DNA #1	s3://ultimagen-snyder/fastqs_pool1/rg-T861-F03.fastq.gz	s3://ultimagen-snyder/fastqs_pool1_nohuman/rg-T861-F03.fastq.gz	  115,456,887 	  73,212,955 	36.59%	173	s3://ultimagen-snyder/Kraken2_Pool1/rg-T861-F03.fastq.gz.k2_report
29169	cl 5153	T861-F04	B4	pool 1	DNA #1	s3://ultimagen-snyder/fastqs_pool1/rg-T861-F04.fastq.gz	s3://ultimagen-snyder/fastqs_pool1_nohuman/rg-T861-F04.fastq.gz	  115,609,770 	  77,412,984 	33.04%	189	s3://ultimagen-snyder/Kraken2_Pool1/rg-T861-F04.fastq.gz.k2_report
29169	cl 5153	T875-F01	C4	pool 1	DNA #1	s3://ultimagen-snyder/fastqs_pool1/rg-T875-F01.fastq.gz	s3://ultimagen-snyder/fastqs_pool1_nohuman/rg-T875-F01.fastq.gz	  104,117,052 	  77,877,350 	25.20%	184	s3://ultimagen-snyder/Kraken2_Pool1/rg-T875-F01.fastq.gz.k2_report
29169	cl 5153	T875-F02	D4	pool 1	DNA #1	s3://ultimagen-snyder/fastqs_pool1/rg-T875-F02.fastq.gz	s3://ultimagen-snyder/fastqs_pool1_nohuman/rg-T875-F02.fastq.gz	  127,856,388 	  98,675,792 	22.82%	186	s3://ultimagen-snyder/Kraken2_Pool1/rg-T875-F02.fastq.gz.k2_report
29169	cl 5153	T875-F03	E4	pool 1	DNA #1	s3://ultimagen-snyder/fastqs_pool1/rg-T875-F03.fastq.gz	s3://ultimagen-snyder/fastqs_pool1_nohuman/rg-T875-F03.fastq.gz	  125,597,416 	  91,263,656 	27.34%	186	s3://ultimagen-snyder/Kraken2_Pool1/rg-T875-F03.fastq.gz.k2_report
29169	cl 5153	T875-F04	F4	pool 1	DNA #1	s3://ultimagen-snyder/fastqs_pool1/rg-T875-F04.fastq.gz	s3://ultimagen-snyder/fastqs_pool1_nohuman/rg-T875-F04.fastq.gz	  136,635,126 	  105,340,208 	22.90%	182	s3://ultimagen-snyder/Kraken2_Pool1/rg-T875-F04.fastq.gz.k2_report
29169	cl 5153	T881-F01	G4	pool 1	DNA #1	s3://ultimagen-snyder/fastqs_pool1/rg-T881-F01.fastq.gz	s3://ultimagen-snyder/fastqs_pool1_nohuman/rg-T881-F01.fastq.gz	  125,821,237 	  121,680,895 	3.29%	185	s3://ultimagen-snyder/Kraken2_Pool1/rg-T881-F01.fastq.gz.k2_report
29169	cl 5153	T881-F02	H4	pool 1	DNA #1	s3://ultimagen-snyder/fastqs_pool1/rg-T881-F02.fastq.gz	s3://ultimagen-snyder/fastqs_pool1_nohuman/rg-T881-F02.fastq.gz	  101,432,104 	  47,525,289 	53.15%	185	s3://ultimagen-snyder/Kraken2_Pool1/rg-T881-F02.fastq.gz.k2_report
29169	cl 5153	T881-F03	A5	pool 1	DNA #1	s3://ultimagen-snyder/fastqs_pool1/rg-T881-F03.fastq.gz	s3://ultimagen-snyder/fastqs_pool1_nohuman/rg-T881-F03.fastq.gz	  141,431,621 	  94,978,906 	32.84%	182	s3://ultimagen-snyder/Kraken2_Pool1/rg-T881-F03.fastq.gz.k2_report
29169	cl 5153	T881-F04	B5	pool 1	DNA #1	s3://ultimagen-snyder/fastqs_pool1/rg-T881-F04.fastq.gz	s3://ultimagen-snyder/fastqs_pool1_nohuman/rg-T881-F04.fastq.gz	  121,823,531 	  105,936,919 	13.04%	194	s3://ultimagen-snyder/Kraken2_Pool1/rg-T881-F04.fastq.gz.k2_report
29169	cl 5153	T883-F01	C5	pool 1	DNA #1	s3://ultimagen-snyder/fastqs_pool1/rg-T883-F01.fastq.gz	s3://ultimagen-snyder/fastqs_pool1_nohuman/rg-T883-F01.fastq.gz	  130,117,144 	  114,760,789 	11.80%	192	s3://ultimagen-snyder/Kraken2_Pool1/rg-T883-F01.fastq.gz.k2_report
29169	cl 5153	T883-F02	D5	pool 1	DNA #1	s3://ultimagen-snyder/fastqs_pool1/rg-T883-F02.fastq.gz	s3://ultimagen-snyder/fastqs_pool1_nohuman/rg-T883-F02.fastq.gz	  126,990,231 	  107,789,824 	15.12%	192	s3://ultimagen-snyder/Kraken2_Pool1/rg-T883-F02.fastq.gz.k2_report
29169	cl 5153	T883-F03	E5	pool 1	DNA #1	s3://ultimagen-snyder/fastqs_pool1/rg-T883-F03.fastq.gz	s3://ultimagen-snyder/fastqs_pool1_nohuman/rg-T883-F03.fastq.gz	  141,800,960 	  114,040,382 	19.58%	191	s3://ultimagen-snyder/Kraken2_Pool1/rg-T883-F03.fastq.gz.k2_report
29169	cl 5153	T883-F04	F5	pool 1	DNA #1	s3://ultimagen-snyder/fastqs_pool1/rg-T883-F04.fastq.gz	s3://ultimagen-snyder/fastqs_pool1_nohuman/rg-T883-F04.fastq.gz	  150,897,021 	  125,512,387 	16.82%	189	s3://ultimagen-snyder/Kraken2_Pool1/rg-T883-F04.fastq.gz.k2_report
29169	cl 5153	T883-F05	G5	pool 1	DNA #1	s3://ultimagen-snyder/fastqs_pool1/rg-T883-F05.fastq.gz	s3://ultimagen-snyder/fastqs_pool1_nohuman/rg-T883-F05.fastq.gz	  121,427,498 	  89,860,798 	26.00%	187	s3://ultimagen-snyder/Kraken2_Pool1/rg-T883-F05.fastq.gz.k2_report
29169	cl 5153	T883-F06	H5	pool 1	DNA #1	s3://ultimagen-snyder/fastqs_pool1/rg-T883-F06.fastq.gz	s3://ultimagen-snyder/fastqs_pool1_nohuman/rg-T883-F06.fastq.gz	  139,094,696 	  104,980,456 	24.53%	185	s3://ultimagen-snyder/Kraken2_Pool1/rg-T883-F06.fastq.gz.k2_report
29169	cl 5153	T883-F07	A6	pool 1	DNA #1	s3://ultimagen-snyder/fastqs_pool1/rg-T883-F07.fastq.gz	s3://ultimagen-snyder/fastqs_pool1_nohuman/rg-T883-F07.fastq.gz	  141,783,456 	  94,044,745 	33.67%	190	s3://ultimagen-snyder/Kraken2_Pool1/rg-T883-F07.fastq.gz.k2_report
29169	cl 5153	T895-F01	B6	pool 1	DNA #1	s3://ultimagen-snyder/fastqs_pool1/rg-T895-F01.fastq.gz	s3://ultimagen-snyder/fastqs_pool1_nohuman/rg-T895-F01.fastq.gz	  129,199,752 	  111,181,094 	13.95%	189	s3://ultimagen-snyder/Kraken2_Pool1/rg-T895-F01.fastq.gz.k2_report
29169	cl 5153	T895-F02	C6	pool 1	DNA #1	s3://ultimagen-snyder/fastqs_pool1/rg-T895-F02.fastq.gz	s3://ultimagen-snyder/fastqs_pool1_nohuman/rg-T895-F02.fastq.gz	  98,257,578 	  50,253,209 	48.86%	183	s3://ultimagen-snyder/Kraken2_Pool1/rg-T895-F02.fastq.gz.k2_report
29169	cl 5153	T895-F03	D6	pool 1	DNA #1	s3://ultimagen-snyder/fastqs_pool1/rg-T895-F03.fastq.gz	s3://ultimagen-snyder/fastqs_pool1_nohuman/rg-T895-F03.fastq.gz	  129,548,778 	  95,849,542 	26.01%	188	s3://ultimagen-snyder/Kraken2_Pool1/rg-T895-F03.fastq.gz.k2_report
29169	cl 5153	T895-F04	E6	pool 1	DNA #1	s3://ultimagen-snyder/fastqs_pool1/rg-T895-F04.fastq.gz	s3://ultimagen-snyder/fastqs_pool1_nohuman/rg-T895-F04.fastq.gz	  106,900,588 	  34,343,179 	67.87%	179	s3://ultimagen-snyder/Kraken2_Pool1/rg-T895-F04.fastq.gz.k2_report
29169	cl 5153	T907-F01	F6	pool 1	DNA #1	s3://ultimagen-snyder/fastqs_pool1/rg-T907-F01.fastq.gz	s3://ultimagen-snyder/fastqs_pool1_nohuman/rg-T907-F01.fastq.gz	  94,530,282 	  54,013,986 	42.86%	130	s3://ultimagen-snyder/Kraken2_Pool1/rg-T907-F01.fastq.gz.k2_report
29169	cl 5153	T907-F02	G6	pool 1	DNA #1	s3://ultimagen-snyder/fastqs_pool1/rg-T907-F02.fastq.gz	s3://ultimagen-snyder/fastqs_pool1_nohuman/rg-T907-F02.fastq.gz	  100,411,528 	  78,317,528 	22.00%	174	s3://ultimagen-snyder/Kraken2_Pool1/rg-T907-F02.fastq.gz.k2_report
29169	cl 5153	T907-F03	H6	pool 1	DNA #1	s3://ultimagen-snyder/fastqs_pool1/rg-T907-F03.fastq.gz	s3://ultimagen-snyder/fastqs_pool1_nohuman/rg-T907-F03.fastq.gz	  127,052,154 	  95,737,767 	24.65%	175	s3://ultimagen-snyder/Kraken2_Pool1/rg-T907-F03.fastq.gz.k2_report
29169	cl 5153	T907-F04	A7	pool 1	DNA #1	s3://ultimagen-snyder/fastqs_pool1/rg-T907-F04.fastq.gz	s3://ultimagen-snyder/fastqs_pool1_nohuman/rg-T907-F04.fastq.gz	  92,850,165 	  38,457,343 	58.58%	180	s3://ultimagen-snyder/Kraken2_Pool1/rg-T907-F04.fastq.gz.k2_report
29169	cl 5153	T912-F02	B7	pool 1	DNA #1	s3://ultimagen-snyder/fastqs_pool1/rg-T912-F02.fastq.gz	s3://ultimagen-snyder/fastqs_pool1_nohuman/rg-T912-F02.fastq.gz	  106,764,123 	  29,516,319 	72.35%	176	s3://ultimagen-snyder/Kraken2_Pool1/rg-T912-F02.fastq.gz.k2_report
29169	cl 5153	T912-F03	C7	pool 1	DNA #1	s3://ultimagen-snyder/fastqs_pool1/rg-T912-F03.fastq.gz	s3://ultimagen-snyder/fastqs_pool1_nohuman/rg-T912-F03.fastq.gz	  147,999,600 	  120,525,055 	18.56%	176	s3://ultimagen-snyder/Kraken2_Pool1/rg-T912-F03.fastq.gz.k2_report
29169	cl 5153	T912-F04	D7	pool 1	DNA #1	s3://ultimagen-snyder/fastqs_pool1/rg-T912-F04.fastq.gz	s3://ultimagen-snyder/fastqs_pool1_nohuman/rg-T912-F04.fastq.gz	  86,001,161 	  23,732,095 	72.40%	168	s3://ultimagen-snyder/Kraken2_Pool1/rg-T912-F04.fastq.gz.k2_report
29169	cl 5153	T971-F01	E7	pool 1	DNA #1	s3://ultimagen-snyder/fastqs_pool1/rg-T971-F01.fastq.gz	s3://ultimagen-snyder/fastqs_pool1_nohuman/rg-T971-F01.fastq.gz	  124,305,789 	  60,698,048 	51.17%	178	s3://ultimagen-snyder/Kraken2_Pool1/rg-T971-F01.fastq.gz.k2_report
29169	cl 5153	T971-F02	F7	pool 1	DNA #1	s3://ultimagen-snyder/fastqs_pool1/rg-T971-F02.fastq.gz	s3://ultimagen-snyder/fastqs_pool1_nohuman/rg-T971-F02.fastq.gz	  142,268,157 	  86,797,320 	38.99%	188	s3://ultimagen-snyder/Kraken2_Pool1/rg-T971-F02.fastq.gz.k2_report
29169	cl 5153	T971-F03	G7	pool 1	DNA #1	s3://ultimagen-snyder/fastqs_pool1/rg-T971-F03.fastq.gz	s3://ultimagen-snyder/fastqs_pool1_nohuman/rg-T971-F03.fastq.gz	  124,858,583 	  63,876,500 	48.84%	186	s3://ultimagen-snyder/Kraken2_Pool1/rg-T971-F03.fastq.gz.k2_report
29169	cl 5153	T971-F04	H7	pool 1	DNA #1	s3://ultimagen-snyder/fastqs_pool1/rg-T971-F04.fastq.gz	s3://ultimagen-snyder/fastqs_pool1_nohuman/rg-T971-F04.fastq.gz	  108,233,659 	  55,447,972 	48.77%	188	s3://ultimagen-snyder/Kraken2_Pool1/rg-T971-F04.fastq.gz.k2_report