benchmark_schema_version,benchmark_run_id,benchmark_scale,benchmark_dataset_ids,benchmark_git_commit,dataset_id,repeat_class,category,period,content_fraction,copy_number,divergence,composite_k,composite_gcd,coprime_k_below,coprime_k_above,coprime_below_resolution,coprime_envelope_resolution,composite_resolution,composite_resolution_std,factor_sharing_penalty,seed_noise,dips_below_lower_coprime,robust_striking
1,prime_k_ablation_denovo_degree_repeatclass_20260712,local-smoke,"collision_distinct_9bp,collision_shared_9bp,control_nonrepetitive,immune_cassette_n4_d10,immune_mhc_hla_5snp,immune_vdj_n8_d15,immune_vdj_n8_d5,interspersed_n4_d0,interspersed_n4_d3,line_5trunc_d10,microsatellite_AAT_trinucleotide_c100_d0,microsatellite_CAG_huntington_c100_d0,microsatellite_CAG_huntington_c100_d3,microsatellite_CAG_huntington_c50_d0,microsatellite_CAG_huntington_c50_d3,microsatellite_CA_dinucleotide_c100_d0,mixed_whole_locus,nested_cag_in_satellite,satellite_21bp,sine_alu_n3_d15,sine_alu_n3_d5,tandem_period2,tandem_period3,tandem_period4,tandem_period5,tandem_period6,tandem_period7",b4eda53b4a1b05b2af0b28d09bac8abf2dfd5927,tandem_period3,tandem_p3,tandem,3,1.0,30,0.0,15,3,13,17,0.16666666666666666,0.19166666666666665,0.16,0.07910611719568707,0.03166666666666665,0.09479880953205513,true,false
1,prime_k_ablation_denovo_degree_repeatclass_20260712,local-smoke,"collision_distinct_9bp,collision_shared_9bp,control_nonrepetitive,immune_cassette_n4_d10,immune_mhc_hla_5snp,immune_vdj_n8_d15,immune_vdj_n8_d5,interspersed_n4_d0,interspersed_n4_d3,line_5trunc_d10,microsatellite_AAT_trinucleotide_c100_d0,microsatellite_CAG_huntington_c100_d0,microsatellite_CAG_huntington_c100_d3,microsatellite_CAG_huntington_c50_d0,microsatellite_CAG_huntington_c50_d3,microsatellite_CA_dinucleotide_c100_d0,mixed_whole_locus,nested_cag_in_satellite,satellite_21bp,sine_alu_n3_d15,sine_alu_n3_d5,tandem_period2,tandem_period3,tandem_period4,tandem_period5,tandem_period6,tandem_period7",b4eda53b4a1b05b2af0b28d09bac8abf2dfd5927,tandem_period3,tandem_p3,tandem,3,1.0,30,0.0,21,3,19,23,0.16,0.20333333333333334,0.26555555555555554,0.0027216552697590817,-0.06222222222222221,0.1264726795684795,false,false
1,prime_k_ablation_denovo_degree_repeatclass_20260712,local-smoke,"collision_distinct_9bp,collision_shared_9bp,control_nonrepetitive,immune_cassette_n4_d10,immune_mhc_hla_5snp,immune_vdj_n8_d15,immune_vdj_n8_d5,interspersed_n4_d0,interspersed_n4_d3,line_5trunc_d10,microsatellite_AAT_trinucleotide_c100_d0,microsatellite_CAG_huntington_c100_d0,microsatellite_CAG_huntington_c100_d3,microsatellite_CAG_huntington_c50_d0,microsatellite_CAG_huntington_c50_d3,microsatellite_CA_dinucleotide_c100_d0,mixed_whole_locus,nested_cag_in_satellite,satellite_21bp,sine_alu_n3_d15,sine_alu_n3_d5,tandem_period2,tandem_period3,tandem_period4,tandem_period5,tandem_period6,tandem_period7",b4eda53b4a1b05b2af0b28d09bac8abf2dfd5927,tandem_period3,tandem_p3,tandem,3,1.0,30,0.0,27,3,25,29,0.3211111111111111,0.34277777777777774,0.17888888888888888,0.1967024449564668,0.16388888888888886,0.20966299871708383,true,false
1,prime_k_ablation_denovo_degree_repeatclass_20260712,local-smoke,"collision_distinct_9bp,collision_shared_9bp,control_nonrepetitive,immune_cassette_n4_d10,immune_mhc_hla_5snp,immune_vdj_n8_d15,immune_vdj_n8_d5,interspersed_n4_d0,interspersed_n4_d3,line_5trunc_d10,microsatellite_AAT_trinucleotide_c100_d0,microsatellite_CAG_huntington_c100_d0,microsatellite_CAG_huntington_c100_d3,microsatellite_CAG_huntington_c50_d0,microsatellite_CAG_huntington_c50_d3,microsatellite_CA_dinucleotide_c100_d0,mixed_whole_locus,nested_cag_in_satellite,satellite_21bp,sine_alu_n3_d15,sine_alu_n3_d5,tandem_period2,tandem_period3,tandem_period4,tandem_period5,tandem_period6,tandem_period7",b4eda53b4a1b05b2af0b28d09bac8abf2dfd5927,tandem_period3,tandem_p3,tandem,3,1.0,30,0.0,33,3,31,35,0.38666666666666666,0.3955555555555556,0.3966666666666667,0.017763883459298982,-0.0011111111111111183,0.034815598021409225,false,false
1,prime_k_ablation_denovo_degree_repeatclass_20260712,local-smoke,"collision_distinct_9bp,collision_shared_9bp,control_nonrepetitive,immune_cassette_n4_d10,immune_mhc_hla_5snp,immune_vdj_n8_d15,immune_vdj_n8_d5,interspersed_n4_d0,interspersed_n4_d3,line_5trunc_d10,microsatellite_AAT_trinucleotide_c100_d0,microsatellite_CAG_huntington_c100_d0,microsatellite_CAG_huntington_c100_d3,microsatellite_CAG_huntington_c50_d0,microsatellite_CAG_huntington_c50_d3,microsatellite_CA_dinucleotide_c100_d0,mixed_whole_locus,nested_cag_in_satellite,satellite_21bp,sine_alu_n3_d15,sine_alu_n3_d5,tandem_period2,tandem_period3,tandem_period4,tandem_period5,tandem_period6,tandem_period7",b4eda53b4a1b05b2af0b28d09bac8abf2dfd5927,tandem_period5,tandem_p5,tandem,5,1.0,18,0.0,15,5,13,17,0.16444444444444448,0.17111111111111113,0.20444444444444446,0.01377060745318193,-0.033333333333333326,0.06276040230884548,false,false
1,prime_k_ablation_denovo_degree_repeatclass_20260712,local-smoke,"collision_distinct_9bp,collision_shared_9bp,control_nonrepetitive,immune_cassette_n4_d10,immune_mhc_hla_5snp,immune_vdj_n8_d15,immune_vdj_n8_d5,interspersed_n4_d0,interspersed_n4_d3,line_5trunc_d10,microsatellite_AAT_trinucleotide_c100_d0,microsatellite_CAG_huntington_c100_d0,microsatellite_CAG_huntington_c100_d3,microsatellite_CAG_huntington_c50_d0,microsatellite_CAG_huntington_c50_d3,microsatellite_CA_dinucleotide_c100_d0,mixed_whole_locus,nested_cag_in_satellite,satellite_21bp,sine_alu_n3_d15,sine_alu_n3_d5,tandem_period2,tandem_period3,tandem_period4,tandem_period5,tandem_period6,tandem_period7",b4eda53b4a1b05b2af0b28d09bac8abf2dfd5927,tandem_period5,tandem_p5,tandem,5,1.0,18,0.0,25,5,23,27,0.3111111111111111,0.33333333333333337,0.27111111111111114,0.13324441479504529,0.062222222222222234,0.14514820287303012,true,false
1,prime_k_ablation_denovo_degree_repeatclass_20260712,local-smoke,"collision_distinct_9bp,collision_shared_9bp,control_nonrepetitive,immune_cassette_n4_d10,immune_mhc_hla_5snp,immune_vdj_n8_d15,immune_vdj_n8_d5,interspersed_n4_d0,interspersed_n4_d3,line_5trunc_d10,microsatellite_AAT_trinucleotide_c100_d0,microsatellite_CAG_huntington_c100_d0,microsatellite_CAG_huntington_c100_d3,microsatellite_CAG_huntington_c50_d0,microsatellite_CAG_huntington_c50_d3,microsatellite_CA_dinucleotide_c100_d0,mixed_whole_locus,nested_cag_in_satellite,satellite_21bp,sine_alu_n3_d15,sine_alu_n3_d5,tandem_period2,tandem_period3,tandem_period4,tandem_period5,tandem_period6,tandem_period7",b4eda53b4a1b05b2af0b28d09bac8abf2dfd5927,tandem_period6,tandem_p6,tandem,6,1.0,15,0.0,15,3,13,17,0.16,0.1766666666666667,0.1888888888888889,0.024464638123596245,-0.012222222222222218,0.04119783865427776,false,false
1,prime_k_ablation_denovo_degree_repeatclass_20260712,local-smoke,"collision_distinct_9bp,collision_shared_9bp,control_nonrepetitive,immune_cassette_n4_d10,immune_mhc_hla_5snp,immune_vdj_n8_d15,immune_vdj_n8_d5,interspersed_n4_d0,interspersed_n4_d3,line_5trunc_d10,microsatellite_AAT_trinucleotide_c100_d0,microsatellite_CAG_huntington_c100_d0,microsatellite_CAG_huntington_c100_d3,microsatellite_CAG_huntington_c50_d0,microsatellite_CAG_huntington_c50_d3,microsatellite_CA_dinucleotide_c100_d0,mixed_whole_locus,nested_cag_in_satellite,satellite_21bp,sine_alu_n3_d15,sine_alu_n3_d5,tandem_period2,tandem_period3,tandem_period4,tandem_period5,tandem_period6,tandem_period7",b4eda53b4a1b05b2af0b28d09bac8abf2dfd5927,tandem_period6,tandem_p6,tandem,6,1.0,15,0.0,21,3,19,23,0.24888888888888885,0.27555555555555555,0.21555555555555553,0.10680546525064813,0.060000000000000026,0.12057607270383006,true,false
1,prime_k_ablation_denovo_degree_repeatclass_20260712,local-smoke,"collision_distinct_9bp,collision_shared_9bp,control_nonrepetitive,immune_cassette_n4_d10,immune_mhc_hla_5snp,immune_vdj_n8_d15,immune_vdj_n8_d5,interspersed_n4_d0,interspersed_n4_d3,line_5trunc_d10,microsatellite_AAT_trinucleotide_c100_d0,microsatellite_CAG_huntington_c100_d0,microsatellite_CAG_huntington_c100_d3,microsatellite_CAG_huntington_c50_d0,microsatellite_CAG_huntington_c50_d3,microsatellite_CA_dinucleotide_c100_d0,mixed_whole_locus,nested_cag_in_satellite,satellite_21bp,sine_alu_n3_d15,sine_alu_n3_d5,tandem_period2,tandem_period3,tandem_period4,tandem_period5,tandem_period6,tandem_period7",b4eda53b4a1b05b2af0b28d09bac8abf2dfd5927,tandem_period6,tandem_p6,tandem,6,1.0,15,0.0,27,3,25,29,0.27,0.31500000000000006,0.3277777777777778,0.0665888434655091,-0.012777777777777721,0.1435955955571503,false,false
1,prime_k_ablation_denovo_degree_repeatclass_20260712,local-smoke,"collision_distinct_9bp,collision_shared_9bp,control_nonrepetitive,immune_cassette_n4_d10,immune_mhc_hla_5snp,immune_vdj_n8_d15,immune_vdj_n8_d5,interspersed_n4_d0,interspersed_n4_d3,line_5trunc_d10,microsatellite_AAT_trinucleotide_c100_d0,microsatellite_CAG_huntington_c100_d0,microsatellite_CAG_huntington_c100_d3,microsatellite_CAG_huntington_c50_d0,microsatellite_CAG_huntington_c50_d3,microsatellite_CA_dinucleotide_c100_d0,mixed_whole_locus,nested_cag_in_satellite,satellite_21bp,sine_alu_n3_d15,sine_alu_n3_d5,tandem_period2,tandem_period3,tandem_period4,tandem_period5,tandem_period6,tandem_period7",b4eda53b4a1b05b2af0b28d09bac8abf2dfd5927,tandem_period6,tandem_p6,tandem,6,1.0,15,0.0,33,3,31,35,0.37777777777777777,0.3883333333333333,0.3866666666666667,0.025991451586157246,0.0016666666666665941,0.050352979398976566,false,false
1,prime_k_ablation_denovo_degree_repeatclass_20260712,local-smoke,"collision_distinct_9bp,collision_shared_9bp,control_nonrepetitive,immune_cassette_n4_d10,immune_mhc_hla_5snp,immune_vdj_n8_d15,immune_vdj_n8_d5,interspersed_n4_d0,interspersed_n4_d3,line_5trunc_d10,microsatellite_AAT_trinucleotide_c100_d0,microsatellite_CAG_huntington_c100_d0,microsatellite_CAG_huntington_c100_d3,microsatellite_CAG_huntington_c50_d0,microsatellite_CAG_huntington_c50_d3,microsatellite_CA_dinucleotide_c100_d0,mixed_whole_locus,nested_cag_in_satellite,satellite_21bp,sine_alu_n3_d15,sine_alu_n3_d5,tandem_period2,tandem_period3,tandem_period4,tandem_period5,tandem_period6,tandem_period7",b4eda53b4a1b05b2af0b28d09bac8abf2dfd5927,tandem_period7,tandem_p7,tandem,7,1.0,12,0.0,21,7,19,23,0.22777777777777775,0.23666666666666664,0.2588888888888889,0.019051586888313606,-0.022222222222222254,0.09564379861094807,false,false
1,prime_k_ablation_denovo_degree_repeatclass_20260712,local-smoke,"collision_distinct_9bp,collision_shared_9bp,control_nonrepetitive,immune_cassette_n4_d10,immune_mhc_hla_5snp,immune_vdj_n8_d15,immune_vdj_n8_d5,interspersed_n4_d0,interspersed_n4_d3,line_5trunc_d10,microsatellite_AAT_trinucleotide_c100_d0,microsatellite_CAG_huntington_c100_d0,microsatellite_CAG_huntington_c100_d3,microsatellite_CAG_huntington_c50_d0,microsatellite_CAG_huntington_c50_d3,microsatellite_CA_dinucleotide_c100_d0,mixed_whole_locus,nested_cag_in_satellite,satellite_21bp,sine_alu_n3_d15,sine_alu_n3_d5,tandem_period2,tandem_period3,tandem_period4,tandem_period5,tandem_period6,tandem_period7",b4eda53b4a1b05b2af0b28d09bac8abf2dfd5927,microsatellite_CAG_huntington_c50_d0,microsatellite_CAG_huntington,microsatellite,3,0.5,10,0.0,15,3,13,17,0.19722222222222222,0.23194444444444445,0.23750000000000002,0.010206207261596585,-0.005555555555555564,0.01235786467615626,false,false
1,prime_k_ablation_denovo_degree_repeatclass_20260712,local-smoke,"collision_distinct_9bp,collision_shared_9bp,control_nonrepetitive,immune_cassette_n4_d10,immune_mhc_hla_5snp,immune_vdj_n8_d15,immune_vdj_n8_d5,interspersed_n4_d0,interspersed_n4_d3,line_5trunc_d10,microsatellite_AAT_trinucleotide_c100_d0,microsatellite_CAG_huntington_c100_d0,microsatellite_CAG_huntington_c100_d3,microsatellite_CAG_huntington_c50_d0,microsatellite_CAG_huntington_c50_d3,microsatellite_CA_dinucleotide_c100_d0,mixed_whole_locus,nested_cag_in_satellite,satellite_21bp,sine_alu_n3_d15,sine_alu_n3_d5,tandem_period2,tandem_period3,tandem_period4,tandem_period5,tandem_period6,tandem_period7",b4eda53b4a1b05b2af0b28d09bac8abf2dfd5927,microsatellite_CAG_huntington_c50_d0,microsatellite_CAG_huntington,microsatellite,3,0.5,10,0.0,21,3,19,23,0.30416666666666664,0.33958333333333335,0.3333333333333333,0.0,0.006250000000000033,0.011558075874477327,false,false
1,prime_k_ablation_denovo_degree_repeatclass_20260712,local-smoke,"collision_distinct_9bp,collision_shared_9bp,control_nonrepetitive,immune_cassette_n4_d10,immune_mhc_hla_5snp,immune_vdj_n8_d15,immune_vdj_n8_d5,interspersed_n4_d0,interspersed_n4_d3,line_5trunc_d10,microsatellite_AAT_trinucleotide_c100_d0,microsatellite_CAG_huntington_c100_d0,microsatellite_CAG_huntington_c100_d3,microsatellite_CAG_huntington_c50_d0,microsatellite_CAG_huntington_c50_d3,microsatellite_CA_dinucleotide_c100_d0,mixed_whole_locus,nested_cag_in_satellite,satellite_21bp,sine_alu_n3_d15,sine_alu_n3_d5,tandem_period2,tandem_period3,tandem_period4,tandem_period5,tandem_period6,tandem_period7",b4eda53b4a1b05b2af0b28d09bac8abf2dfd5927,microsatellite_CAG_huntington_c50_d0,microsatellite_CAG_huntington,microsatellite,3,0.5,10,0.0,27,3,25,29,0.39999999999999997,0.5493055555555556,0.4388888888888889,0.010092167846991625,0.11041666666666672,0.021999409652187666,false,false
1,prime_k_ablation_denovo_degree_repeatclass_20260712,local-smoke,"collision_distinct_9bp,collision_shared_9bp,control_nonrepetitive,immune_cassette_n4_d10,immune_mhc_hla_5snp,immune_vdj_n8_d15,immune_vdj_n8_d5,interspersed_n4_d0,interspersed_n4_d3,line_5trunc_d10,microsatellite_AAT_trinucleotide_c100_d0,microsatellite_CAG_huntington_c100_d0,microsatellite_CAG_huntington_c100_d3,microsatellite_CAG_huntington_c50_d0,microsatellite_CAG_huntington_c50_d3,microsatellite_CA_dinucleotide_c100_d0,mixed_whole_locus,nested_cag_in_satellite,satellite_21bp,sine_alu_n3_d15,sine_alu_n3_d5,tandem_period2,tandem_period3,tandem_period4,tandem_period5,tandem_period6,tandem_period7",b4eda53b4a1b05b2af0b28d09bac8abf2dfd5927,microsatellite_CAG_huntington_c50_d0,microsatellite_CAG_huntington,microsatellite,3,0.5,10,0.0,33,3,31,35,0.6763888888888889,0.6652777777777779,0.6902777777777779,0.08872815328397848,-0.025000000000000022,0.1751608399393254,false,false
1,prime_k_ablation_denovo_degree_repeatclass_20260712,local-smoke,"collision_distinct_9bp,collision_shared_9bp,control_nonrepetitive,immune_cassette_n4_d10,immune_mhc_hla_5snp,immune_vdj_n8_d15,immune_vdj_n8_d5,interspersed_n4_d0,interspersed_n4_d3,line_5trunc_d10,microsatellite_AAT_trinucleotide_c100_d0,microsatellite_CAG_huntington_c100_d0,microsatellite_CAG_huntington_c100_d3,microsatellite_CAG_huntington_c50_d0,microsatellite_CAG_huntington_c50_d3,microsatellite_CA_dinucleotide_c100_d0,mixed_whole_locus,nested_cag_in_satellite,satellite_21bp,sine_alu_n3_d15,sine_alu_n3_d5,tandem_period2,tandem_period3,tandem_period4,tandem_period5,tandem_period6,tandem_period7",b4eda53b4a1b05b2af0b28d09bac8abf2dfd5927,microsatellite_CAG_huntington_c50_d3,microsatellite_CAG_huntington,microsatellite,3,0.5,10,0.03,15,3,13,17,0.20694444444444446,0.2375,0.24027777777777778,0.020693978369099076,-0.0027777777777777957,0.03400381823891775,false,false
1,prime_k_ablation_denovo_degree_repeatclass_20260712,local-smoke,"collision_distinct_9bp,collision_shared_9bp,control_nonrepetitive,immune_cassette_n4_d10,immune_mhc_hla_5snp,immune_vdj_n8_d15,immune_vdj_n8_d5,interspersed_n4_d0,interspersed_n4_d3,line_5trunc_d10,microsatellite_AAT_trinucleotide_c100_d0,microsatellite_CAG_huntington_c100_d0,microsatellite_CAG_huntington_c100_d3,microsatellite_CAG_huntington_c50_d0,microsatellite_CAG_huntington_c50_d3,microsatellite_CA_dinucleotide_c100_d0,mixed_whole_locus,nested_cag_in_satellite,satellite_21bp,sine_alu_n3_d15,sine_alu_n3_d5,tandem_period2,tandem_period3,tandem_period4,tandem_period5,tandem_period6,tandem_period7",b4eda53b4a1b05b2af0b28d09bac8abf2dfd5927,microsatellite_CAG_huntington_c50_d3,microsatellite_CAG_huntington,microsatellite,3,0.5,10,0.03,21,3,19,23,0.3,0.33611111111111114,0.3361111111111111,0.011385500851066222,5.551115123125783e-17,0.030477121257197932,false,false
1,prime_k_ablation_denovo_degree_repeatclass_20260712,local-smoke,"collision_distinct_9bp,collision_shared_9bp,control_nonrepetitive,immune_cassette_n4_d10,immune_mhc_hla_5snp,immune_vdj_n8_d15,immune_vdj_n8_d5,interspersed_n4_d0,interspersed_n4_d3,line_5trunc_d10,microsatellite_AAT_trinucleotide_c100_d0,microsatellite_CAG_huntington_c100_d0,microsatellite_CAG_huntington_c100_d3,microsatellite_CAG_huntington_c50_d0,microsatellite_CAG_huntington_c50_d3,microsatellite_CA_dinucleotide_c100_d0,mixed_whole_locus,nested_cag_in_satellite,satellite_21bp,sine_alu_n3_d15,sine_alu_n3_d5,tandem_period2,tandem_period3,tandem_period4,tandem_period5,tandem_period6,tandem_period7",b4eda53b4a1b05b2af0b28d09bac8abf2dfd5927,microsatellite_CAG_huntington_c50_d3,microsatellite_CAG_huntington,microsatellite,3,0.5,10,0.03,27,3,25,29,0.3972222222222222,0.6708333333333334,0.6375,0.09628516673576121,0.03333333333333344,0.11041674562412523,false,false
1,prime_k_ablation_denovo_degree_repeatclass_20260712,local-smoke,"collision_distinct_9bp,collision_shared_9bp,control_nonrepetitive,immune_cassette_n4_d10,immune_mhc_hla_5snp,immune_vdj_n8_d15,immune_vdj_n8_d5,interspersed_n4_d0,interspersed_n4_d3,line_5trunc_d10,microsatellite_AAT_trinucleotide_c100_d0,microsatellite_CAG_huntington_c100_d0,microsatellite_CAG_huntington_c100_d3,microsatellite_CAG_huntington_c50_d0,microsatellite_CAG_huntington_c50_d3,microsatellite_CA_dinucleotide_c100_d0,mixed_whole_locus,nested_cag_in_satellite,satellite_21bp,sine_alu_n3_d15,sine_alu_n3_d5,tandem_period2,tandem_period3,tandem_period4,tandem_period5,tandem_period6,tandem_period7",b4eda53b4a1b05b2af0b28d09bac8abf2dfd5927,microsatellite_CAG_huntington_c50_d3,microsatellite_CAG_huntington,microsatellite,3,0.5,10,0.03,33,3,31,35,0.8736111111111112,0.8458333333333334,0.8736111111111112,0.14214787553290592,-0.02777777777777779,0.27419862279523444,false,false
1,prime_k_ablation_denovo_degree_repeatclass_20260712,local-smoke,"collision_distinct_9bp,collision_shared_9bp,control_nonrepetitive,immune_cassette_n4_d10,immune_mhc_hla_5snp,immune_vdj_n8_d15,immune_vdj_n8_d5,interspersed_n4_d0,interspersed_n4_d3,line_5trunc_d10,microsatellite_AAT_trinucleotide_c100_d0,microsatellite_CAG_huntington_c100_d0,microsatellite_CAG_huntington_c100_d3,microsatellite_CAG_huntington_c50_d0,microsatellite_CAG_huntington_c50_d3,microsatellite_CA_dinucleotide_c100_d0,mixed_whole_locus,nested_cag_in_satellite,satellite_21bp,sine_alu_n3_d15,sine_alu_n3_d5,tandem_period2,tandem_period3,tandem_period4,tandem_period5,tandem_period6,tandem_period7",b4eda53b4a1b05b2af0b28d09bac8abf2dfd5927,microsatellite_CAG_huntington_c100_d0,microsatellite_CAG_huntington,microsatellite,3,1.0,20,0.0,15,3,13,17,0.21944444444444447,0.25,0.2416666666666667,0.012909944487358068,0.008333333333333304,0.027471993797182976,false,false
1,prime_k_ablation_denovo_degree_repeatclass_20260712,local-smoke,"collision_distinct_9bp,collision_shared_9bp,control_nonrepetitive,immune_cassette_n4_d10,immune_mhc_hla_5snp,immune_vdj_n8_d15,immune_vdj_n8_d5,interspersed_n4_d0,interspersed_n4_d3,line_5trunc_d10,microsatellite_AAT_trinucleotide_c100_d0,microsatellite_CAG_huntington_c100_d0,microsatellite_CAG_huntington_c100_d3,microsatellite_CAG_huntington_c50_d0,microsatellite_CAG_huntington_c50_d3,microsatellite_CA_dinucleotide_c100_d0,mixed_whole_locus,nested_cag_in_satellite,satellite_21bp,sine_alu_n3_d15,sine_alu_n3_d5,tandem_period2,tandem_period3,tandem_period4,tandem_period5,tandem_period6,tandem_period7",b4eda53b4a1b05b2af0b28d09bac8abf2dfd5927,microsatellite_CAG_huntington_c100_d0,microsatellite_CAG_huntington,microsatellite,3,1.0,20,0.0,21,3,19,23,0.30694444444444446,0.3256944444444444,0.34027777777777773,0.017808133805360664,-0.014583333333333337,0.05869792068122672,false,false
1,prime_k_ablation_denovo_degree_repeatclass_20260712,local-smoke,"collision_distinct_9bp,collision_shared_9bp,control_nonrepetitive,immune_cassette_n4_d10,immune_mhc_hla_5snp,immune_vdj_n8_d15,immune_vdj_n8_d5,interspersed_n4_d0,interspersed_n4_d3,line_5trunc_d10,microsatellite_AAT_trinucleotide_c100_d0,microsatellite_CAG_huntington_c100_d0,microsatellite_CAG_huntington_c100_d3,microsatellite_CAG_huntington_c50_d0,microsatellite_CAG_huntington_c50_d3,microsatellite_CA_dinucleotide_c100_d0,mixed_whole_locus,nested_cag_in_satellite,satellite_21bp,sine_alu_n3_d15,sine_alu_n3_d5,tandem_period2,tandem_period3,tandem_period4,tandem_period5,tandem_period6,tandem_period7",b4eda53b4a1b05b2af0b28d09bac8abf2dfd5927,microsatellite_CAG_huntington_c100_d0,microsatellite_CAG_huntington,microsatellite,3,1.0,20,0.0,27,3,25,29,0.21805555555555556,0.3506944444444444,0.2708333333333333,0.1716545303153336,0.0798611111111111,0.27293630125114343,false,false
1,prime_k_ablation_denovo_degree_repeatclass_20260712,local-smoke,"collision_distinct_9bp,collision_shared_9bp,control_nonrepetitive,immune_cassette_n4_d10,immune_mhc_hla_5snp,immune_vdj_n8_d15,immune_vdj_n8_d5,interspersed_n4_d0,interspersed_n4_d3,line_5trunc_d10,microsatellite_AAT_trinucleotide_c100_d0,microsatellite_CAG_huntington_c100_d0,microsatellite_CAG_huntington_c100_d3,microsatellite_CAG_huntington_c50_d0,microsatellite_CAG_huntington_c50_d3,microsatellite_CA_dinucleotide_c100_d0,mixed_whole_locus,nested_cag_in_satellite,satellite_21bp,sine_alu_n3_d15,sine_alu_n3_d5,tandem_period2,tandem_period3,tandem_period4,tandem_period5,tandem_period6,tandem_period7",b4eda53b4a1b05b2af0b28d09bac8abf2dfd5927,microsatellite_CAG_huntington_c100_d0,microsatellite_CAG_huntington,microsatellite,3,1.0,20,0.0,33,3,31,35,0.4861111111111111,0.5041666666666667,0.5111111111111111,0.010092167846991658,-0.00694444444444442,0.02604334631783698,false,false
1,prime_k_ablation_denovo_degree_repeatclass_20260712,local-smoke,"collision_distinct_9bp,collision_shared_9bp,control_nonrepetitive,immune_cassette_n4_d10,immune_mhc_hla_5snp,immune_vdj_n8_d15,immune_vdj_n8_d5,interspersed_n4_d0,interspersed_n4_d3,line_5trunc_d10,microsatellite_AAT_trinucleotide_c100_d0,microsatellite_CAG_huntington_c100_d0,microsatellite_CAG_huntington_c100_d3,microsatellite_CAG_huntington_c50_d0,microsatellite_CAG_huntington_c50_d3,microsatellite_CA_dinucleotide_c100_d0,mixed_whole_locus,nested_cag_in_satellite,satellite_21bp,sine_alu_n3_d15,sine_alu_n3_d5,tandem_period2,tandem_period3,tandem_period4,tandem_period5,tandem_period6,tandem_period7",b4eda53b4a1b05b2af0b28d09bac8abf2dfd5927,microsatellite_CAG_huntington_c100_d3,microsatellite_CAG_huntington,microsatellite,3,1.0,20,0.03,15,3,13,17,0.23194444444444448,0.27013888888888893,0.21527777777777776,0.10677295052101428,0.054861111111111166,0.11680731839794704,true,false
1,prime_k_ablation_denovo_degree_repeatclass_20260712,local-smoke,"collision_distinct_9bp,collision_shared_9bp,control_nonrepetitive,immune_cassette_n4_d10,immune_mhc_hla_5snp,immune_vdj_n8_d15,immune_vdj_n8_d5,interspersed_n4_d0,interspersed_n4_d3,line_5trunc_d10,microsatellite_AAT_trinucleotide_c100_d0,microsatellite_CAG_huntington_c100_d0,microsatellite_CAG_huntington_c100_d3,microsatellite_CAG_huntington_c50_d0,microsatellite_CAG_huntington_c50_d3,microsatellite_CA_dinucleotide_c100_d0,mixed_whole_locus,nested_cag_in_satellite,satellite_21bp,sine_alu_n3_d15,sine_alu_n3_d5,tandem_period2,tandem_period3,tandem_period4,tandem_period5,tandem_period6,tandem_period7",b4eda53b4a1b05b2af0b28d09bac8abf2dfd5927,microsatellite_CAG_huntington_c100_d3,microsatellite_CAG_huntington,microsatellite,3,1.0,20,0.03,21,3,19,23,0.34027777777777773,0.3458333333333333,0.36944444444444446,0.026176042198643886,-0.023611111111111138,0.07102976597440455,false,false
1,prime_k_ablation_denovo_degree_repeatclass_20260712,local-smoke,"collision_distinct_9bp,collision_shared_9bp,control_nonrepetitive,immune_cassette_n4_d10,immune_mhc_hla_5snp,immune_vdj_n8_d15,immune_vdj_n8_d5,interspersed_n4_d0,interspersed_n4_d3,line_5trunc_d10,microsatellite_AAT_trinucleotide_c100_d0,microsatellite_CAG_huntington_c100_d0,microsatellite_CAG_huntington_c100_d3,microsatellite_CAG_huntington_c50_d0,microsatellite_CAG_huntington_c50_d3,microsatellite_CA_dinucleotide_c100_d0,mixed_whole_locus,nested_cag_in_satellite,satellite_21bp,sine_alu_n3_d15,sine_alu_n3_d5,tandem_period2,tandem_period3,tandem_period4,tandem_period5,tandem_period6,tandem_period7",b4eda53b4a1b05b2af0b28d09bac8abf2dfd5927,microsatellite_CAG_huntington_c100_d3,microsatellite_CAG_huntington,microsatellite,3,1.0,20,0.03,27,3,25,29,0.3680555555555556,0.42638888888888893,0.35000000000000003,0.1248332220738267,0.0763888888888889,0.2034315258212962,true,false
1,prime_k_ablation_denovo_degree_repeatclass_20260712,local-smoke,"collision_distinct_9bp,collision_shared_9bp,control_nonrepetitive,immune_cassette_n4_d10,immune_mhc_hla_5snp,immune_vdj_n8_d15,immune_vdj_n8_d5,interspersed_n4_d0,interspersed_n4_d3,line_5trunc_d10,microsatellite_AAT_trinucleotide_c100_d0,microsatellite_CAG_huntington_c100_d0,microsatellite_CAG_huntington_c100_d3,microsatellite_CAG_huntington_c50_d0,microsatellite_CAG_huntington_c50_d3,microsatellite_CA_dinucleotide_c100_d0,mixed_whole_locus,nested_cag_in_satellite,satellite_21bp,sine_alu_n3_d15,sine_alu_n3_d5,tandem_period2,tandem_period3,tandem_period4,tandem_period5,tandem_period6,tandem_period7",b4eda53b4a1b05b2af0b28d09bac8abf2dfd5927,microsatellite_CAG_huntington_c100_d3,microsatellite_CAG_huntington,microsatellite,3,1.0,20,0.03,33,3,31,35,0.5125000000000001,0.53125,0.5430555555555555,0.021995369883143507,-0.011805555555555514,0.05060612699010236,false,false
1,prime_k_ablation_denovo_degree_repeatclass_20260712,local-smoke,"collision_distinct_9bp,collision_shared_9bp,control_nonrepetitive,immune_cassette_n4_d10,immune_mhc_hla_5snp,immune_vdj_n8_d15,immune_vdj_n8_d5,interspersed_n4_d0,interspersed_n4_d3,line_5trunc_d10,microsatellite_AAT_trinucleotide_c100_d0,microsatellite_CAG_huntington_c100_d0,microsatellite_CAG_huntington_c100_d3,microsatellite_CAG_huntington_c50_d0,microsatellite_CAG_huntington_c50_d3,microsatellite_CA_dinucleotide_c100_d0,mixed_whole_locus,nested_cag_in_satellite,satellite_21bp,sine_alu_n3_d15,sine_alu_n3_d5,tandem_period2,tandem_period3,tandem_period4,tandem_period5,tandem_period6,tandem_period7",b4eda53b4a1b05b2af0b28d09bac8abf2dfd5927,microsatellite_AAT_trinucleotide_c100_d0,microsatellite_AAT_trinucleotide,microsatellite,3,1.0,20,0.0,15,3,13,17,0.17500000000000002,0.22847222222222224,0.2416666666666667,0.012909944487358068,-0.013194444444444453,0.06471638739457715,false,false
1,prime_k_ablation_denovo_degree_repeatclass_20260712,local-smoke,"collision_distinct_9bp,collision_shared_9bp,control_nonrepetitive,immune_cassette_n4_d10,immune_mhc_hla_5snp,immune_vdj_n8_d15,immune_vdj_n8_d5,interspersed_n4_d0,interspersed_n4_d3,line_5trunc_d10,microsatellite_AAT_trinucleotide_c100_d0,microsatellite_CAG_huntington_c100_d0,microsatellite_CAG_huntington_c100_d3,microsatellite_CAG_huntington_c50_d0,microsatellite_CAG_huntington_c50_d3,microsatellite_CA_dinucleotide_c100_d0,mixed_whole_locus,nested_cag_in_satellite,satellite_21bp,sine_alu_n3_d15,sine_alu_n3_d5,tandem_period2,tandem_period3,tandem_period4,tandem_period5,tandem_period6,tandem_period7",b4eda53b4a1b05b2af0b28d09bac8abf2dfd5927,microsatellite_AAT_trinucleotide_c100_d0,microsatellite_AAT_trinucleotide,microsatellite,3,1.0,20,0.0,21,3,19,23,0.3097222222222222,0.3277777777777778,0.2708333333333333,0.14717242344346382,0.056944444444444464,0.18884681783891333,true,false
1,prime_k_ablation_denovo_degree_repeatclass_20260712,local-smoke,"collision_distinct_9bp,collision_shared_9bp,control_nonrepetitive,immune_cassette_n4_d10,immune_mhc_hla_5snp,immune_vdj_n8_d15,immune_vdj_n8_d5,interspersed_n4_d0,interspersed_n4_d3,line_5trunc_d10,microsatellite_AAT_trinucleotide_c100_d0,microsatellite_CAG_huntington_c100_d0,microsatellite_CAG_huntington_c100_d3,microsatellite_CAG_huntington_c50_d0,microsatellite_CAG_huntington_c50_d3,microsatellite_CA_dinucleotide_c100_d0,mixed_whole_locus,nested_cag_in_satellite,satellite_21bp,sine_alu_n3_d15,sine_alu_n3_d5,tandem_period2,tandem_period3,tandem_period4,tandem_period5,tandem_period6,tandem_period7",b4eda53b4a1b05b2af0b28d09bac8abf2dfd5927,microsatellite_AAT_trinucleotide_c100_d0,microsatellite_AAT_trinucleotide,microsatellite,3,1.0,20,0.0,27,3,25,29,0.28194444444444444,0.38263888888888886,0.4166666666666667,0.09082951062292476,-0.03402777777777782,0.20546736730529758,false,false
1,prime_k_ablation_denovo_degree_repeatclass_20260712,local-smoke,"collision_distinct_9bp,collision_shared_9bp,control_nonrepetitive,immune_cassette_n4_d10,immune_mhc_hla_5snp,immune_vdj_n8_d15,immune_vdj_n8_d5,interspersed_n4_d0,interspersed_n4_d3,line_5trunc_d10,microsatellite_AAT_trinucleotide_c100_d0,microsatellite_CAG_huntington_c100_d0,microsatellite_CAG_huntington_c100_d3,microsatellite_CAG_huntington_c50_d0,microsatellite_CAG_huntington_c50_d3,microsatellite_CA_dinucleotide_c100_d0,mixed_whole_locus,nested_cag_in_satellite,satellite_21bp,sine_alu_n3_d15,sine_alu_n3_d5,tandem_period2,tandem_period3,tandem_period4,tandem_period5,tandem_period6,tandem_period7",b4eda53b4a1b05b2af0b28d09bac8abf2dfd5927,microsatellite_AAT_trinucleotide_c100_d0,microsatellite_AAT_trinucleotide,microsatellite,3,1.0,20,0.0,33,3,31,35,0.4861111111111111,0.5041666666666667,0.5111111111111111,0.010092167846991658,-0.00694444444444442,0.02604334631783698,false,false
1,prime_k_ablation_denovo_degree_repeatclass_20260712,local-smoke,"collision_distinct_9bp,collision_shared_9bp,control_nonrepetitive,immune_cassette_n4_d10,immune_mhc_hla_5snp,immune_vdj_n8_d15,immune_vdj_n8_d5,interspersed_n4_d0,interspersed_n4_d3,line_5trunc_d10,microsatellite_AAT_trinucleotide_c100_d0,microsatellite_CAG_huntington_c100_d0,microsatellite_CAG_huntington_c100_d3,microsatellite_CAG_huntington_c50_d0,microsatellite_CAG_huntington_c50_d3,microsatellite_CA_dinucleotide_c100_d0,mixed_whole_locus,nested_cag_in_satellite,satellite_21bp,sine_alu_n3_d15,sine_alu_n3_d5,tandem_period2,tandem_period3,tandem_period4,tandem_period5,tandem_period6,tandem_period7",b4eda53b4a1b05b2af0b28d09bac8abf2dfd5927,satellite_21bp,satellite_hor_21bp,satellite,21,1.0,4,0.0,15,3,13,17,0.16,0.19444444444444448,0.18333333333333335,0.03669695718539437,0.011111111111111127,0.04555802475756187,false,false
1,prime_k_ablation_denovo_degree_repeatclass_20260712,local-smoke,"collision_distinct_9bp,collision_shared_9bp,control_nonrepetitive,immune_cassette_n4_d10,immune_mhc_hla_5snp,immune_vdj_n8_d15,immune_vdj_n8_d5,interspersed_n4_d0,interspersed_n4_d3,line_5trunc_d10,microsatellite_AAT_trinucleotide_c100_d0,microsatellite_CAG_huntington_c100_d0,microsatellite_CAG_huntington_c100_d3,microsatellite_CAG_huntington_c50_d0,microsatellite_CAG_huntington_c50_d3,microsatellite_CA_dinucleotide_c100_d0,mixed_whole_locus,nested_cag_in_satellite,satellite_21bp,sine_alu_n3_d15,sine_alu_n3_d5,tandem_period2,tandem_period3,tandem_period4,tandem_period5,tandem_period6,tandem_period7",b4eda53b4a1b05b2af0b28d09bac8abf2dfd5927,satellite_21bp,satellite_hor_21bp,satellite,21,1.0,4,0.0,21,21,19,23,0.23111111111111113,0.27111111111111114,0.26999999999999996,0.0036514837167011004,0.0011111111111111738,0.07281454044160213,false,false
1,prime_k_ablation_denovo_degree_repeatclass_20260712,local-smoke,"collision_distinct_9bp,collision_shared_9bp,control_nonrepetitive,immune_cassette_n4_d10,immune_mhc_hla_5snp,immune_vdj_n8_d15,immune_vdj_n8_d5,interspersed_n4_d0,interspersed_n4_d3,line_5trunc_d10,microsatellite_AAT_trinucleotide_c100_d0,microsatellite_CAG_huntington_c100_d0,microsatellite_CAG_huntington_c100_d3,microsatellite_CAG_huntington_c50_d0,microsatellite_CAG_huntington_c50_d3,microsatellite_CA_dinucleotide_c100_d0,mixed_whole_locus,nested_cag_in_satellite,satellite_21bp,sine_alu_n3_d15,sine_alu_n3_d5,tandem_period2,tandem_period3,tandem_period4,tandem_period5,tandem_period6,tandem_period7",b4eda53b4a1b05b2af0b28d09bac8abf2dfd5927,satellite_21bp,satellite_hor_21bp,satellite,21,1.0,4,0.0,27,3,25,29,0.27,0.3222222222222222,0.34333333333333343,0.09695359714832659,-0.021111111111111247,0.17093269462174482,false,false
1,prime_k_ablation_denovo_degree_repeatclass_20260712,local-smoke,"collision_distinct_9bp,collision_shared_9bp,control_nonrepetitive,immune_cassette_n4_d10,immune_mhc_hla_5snp,immune_vdj_n8_d15,immune_vdj_n8_d5,interspersed_n4_d0,interspersed_n4_d3,line_5trunc_d10,microsatellite_AAT_trinucleotide_c100_d0,microsatellite_CAG_huntington_c100_d0,microsatellite_CAG_huntington_c100_d3,microsatellite_CAG_huntington_c50_d0,microsatellite_CAG_huntington_c50_d3,microsatellite_CA_dinucleotide_c100_d0,mixed_whole_locus,nested_cag_in_satellite,satellite_21bp,sine_alu_n3_d15,sine_alu_n3_d5,tandem_period2,tandem_period3,tandem_period4,tandem_period5,tandem_period6,tandem_period7",b4eda53b4a1b05b2af0b28d09bac8abf2dfd5927,nested_cag_in_satellite,nested_microsat_in_hor,nested,21,1.0,4,0.0,15,3,13,17,0.1822222222222222,0.1811111111111111,0.20333333333333337,0.03596294389136314,-0.022222222222222254,0.08769040098477407,false,false
1,prime_k_ablation_denovo_degree_repeatclass_20260712,local-smoke,"collision_distinct_9bp,collision_shared_9bp,control_nonrepetitive,immune_cassette_n4_d10,immune_mhc_hla_5snp,immune_vdj_n8_d15,immune_vdj_n8_d5,interspersed_n4_d0,interspersed_n4_d3,line_5trunc_d10,microsatellite_AAT_trinucleotide_c100_d0,microsatellite_CAG_huntington_c100_d0,microsatellite_CAG_huntington_c100_d3,microsatellite_CAG_huntington_c50_d0,microsatellite_CAG_huntington_c50_d3,microsatellite_CA_dinucleotide_c100_d0,mixed_whole_locus,nested_cag_in_satellite,satellite_21bp,sine_alu_n3_d15,sine_alu_n3_d5,tandem_period2,tandem_period3,tandem_period4,tandem_period5,tandem_period6,tandem_period7",b4eda53b4a1b05b2af0b28d09bac8abf2dfd5927,nested_cag_in_satellite,nested_microsat_in_hor,nested,21,1.0,4,0.0,21,21,19,23,0.24777777777777776,0.2688888888888889,0.2622222222222222,0.01772213514433501,0.00666666666666671,0.03453616569915488,false,false
1,prime_k_ablation_denovo_degree_repeatclass_20260712,local-smoke,"collision_distinct_9bp,collision_shared_9bp,control_nonrepetitive,immune_cassette_n4_d10,immune_mhc_hla_5snp,immune_vdj_n8_d15,immune_vdj_n8_d5,interspersed_n4_d0,interspersed_n4_d3,line_5trunc_d10,microsatellite_AAT_trinucleotide_c100_d0,microsatellite_CAG_huntington_c100_d0,microsatellite_CAG_huntington_c100_d3,microsatellite_CAG_huntington_c50_d0,microsatellite_CAG_huntington_c50_d3,microsatellite_CA_dinucleotide_c100_d0,mixed_whole_locus,nested_cag_in_satellite,satellite_21bp,sine_alu_n3_d15,sine_alu_n3_d5,tandem_period2,tandem_period3,tandem_period4,tandem_period5,tandem_period6,tandem_period7",b4eda53b4a1b05b2af0b28d09bac8abf2dfd5927,nested_cag_in_satellite,nested_microsat_in_hor,nested,21,1.0,4,0.0,27,3,25,29,0.31777777777777777,0.34388888888888886,0.33555555555555555,0.07895615285760872,0.008333333333333304,0.08446667488248141,false,false
1,prime_k_ablation_denovo_degree_repeatclass_20260712,local-smoke,"collision_distinct_9bp,collision_shared_9bp,control_nonrepetitive,immune_cassette_n4_d10,immune_mhc_hla_5snp,immune_vdj_n8_d15,immune_vdj_n8_d5,interspersed_n4_d0,interspersed_n4_d3,line_5trunc_d10,microsatellite_AAT_trinucleotide_c100_d0,microsatellite_CAG_huntington_c100_d0,microsatellite_CAG_huntington_c100_d3,microsatellite_CAG_huntington_c50_d0,microsatellite_CAG_huntington_c50_d3,microsatellite_CA_dinucleotide_c100_d0,mixed_whole_locus,nested_cag_in_satellite,satellite_21bp,sine_alu_n3_d15,sine_alu_n3_d5,tandem_period2,tandem_period3,tandem_period4,tandem_period5,tandem_period6,tandem_period7",b4eda53b4a1b05b2af0b28d09bac8abf2dfd5927,immune_vdj_n8_d5,immune_vdj_segment_array,immune_vdj,27,1.0,8,0.05,15,3,13,17,0.13333333333333333,0.16574074074074074,0.14814814814814814,0.0,0.017592592592592604,0.024476690291517895,false,false
1,prime_k_ablation_denovo_degree_repeatclass_20260712,local-smoke,"collision_distinct_9bp,collision_shared_9bp,control_nonrepetitive,immune_cassette_n4_d10,immune_mhc_hla_5snp,immune_vdj_n8_d15,immune_vdj_n8_d5,interspersed_n4_d0,interspersed_n4_d3,line_5trunc_d10,microsatellite_AAT_trinucleotide_c100_d0,microsatellite_CAG_huntington_c100_d0,microsatellite_CAG_huntington_c100_d3,microsatellite_CAG_huntington_c50_d0,microsatellite_CAG_huntington_c50_d3,microsatellite_CA_dinucleotide_c100_d0,mixed_whole_locus,nested_cag_in_satellite,satellite_21bp,sine_alu_n3_d15,sine_alu_n3_d5,tandem_period2,tandem_period3,tandem_period4,tandem_period5,tandem_period6,tandem_period7",b4eda53b4a1b05b2af0b28d09bac8abf2dfd5927,immune_vdj_n8_d5,immune_vdj_segment_array,immune_vdj,27,1.0,8,0.05,21,3,19,23,0.20864197530864195,0.2716049382716049,0.2598765432098765,0.06046988692323196,0.011728395061728403,0.1409356461610556,false,false
1,prime_k_ablation_denovo_degree_repeatclass_20260712,local-smoke,"collision_distinct_9bp,collision_shared_9bp,control_nonrepetitive,immune_cassette_n4_d10,immune_mhc_hla_5snp,immune_vdj_n8_d15,immune_vdj_n8_d5,interspersed_n4_d0,interspersed_n4_d3,line_5trunc_d10,microsatellite_AAT_trinucleotide_c100_d0,microsatellite_CAG_huntington_c100_d0,microsatellite_CAG_huntington_c100_d3,microsatellite_CAG_huntington_c50_d0,microsatellite_CAG_huntington_c50_d3,microsatellite_CA_dinucleotide_c100_d0,mixed_whole_locus,nested_cag_in_satellite,satellite_21bp,sine_alu_n3_d15,sine_alu_n3_d5,tandem_period2,tandem_period3,tandem_period4,tandem_period5,tandem_period6,tandem_period7",b4eda53b4a1b05b2af0b28d09bac8abf2dfd5927,immune_vdj_n8_d5,immune_vdj_segment_array,immune_vdj,27,1.0,8,0.05,27,27,25,29,0.3919753086419753,0.374074074074074,0.3512345679012346,0.08256573775888491,0.02283950617283942,0.18882186747425986,true,false
1,prime_k_ablation_denovo_degree_repeatclass_20260712,local-smoke,"collision_distinct_9bp,collision_shared_9bp,control_nonrepetitive,immune_cassette_n4_d10,immune_mhc_hla_5snp,immune_vdj_n8_d15,immune_vdj_n8_d5,interspersed_n4_d0,interspersed_n4_d3,line_5trunc_d10,microsatellite_AAT_trinucleotide_c100_d0,microsatellite_CAG_huntington_c100_d0,microsatellite_CAG_huntington_c100_d3,microsatellite_CAG_huntington_c50_d0,microsatellite_CAG_huntington_c50_d3,microsatellite_CA_dinucleotide_c100_d0,mixed_whole_locus,nested_cag_in_satellite,satellite_21bp,sine_alu_n3_d15,sine_alu_n3_d5,tandem_period2,tandem_period3,tandem_period4,tandem_period5,tandem_period6,tandem_period7",b4eda53b4a1b05b2af0b28d09bac8abf2dfd5927,immune_vdj_n8_d5,immune_vdj_segment_array,immune_vdj,27,1.0,8,0.05,33,3,31,35,0.38148148148148153,0.34938271604938276,0.4185185185185185,0.14311831896579125,-0.06913580246913575,0.21045172894529748,false,false
1,prime_k_ablation_denovo_degree_repeatclass_20260712,local-smoke,"collision_distinct_9bp,collision_shared_9bp,control_nonrepetitive,immune_cassette_n4_d10,immune_mhc_hla_5snp,immune_vdj_n8_d15,immune_vdj_n8_d5,interspersed_n4_d0,interspersed_n4_d3,line_5trunc_d10,microsatellite_AAT_trinucleotide_c100_d0,microsatellite_CAG_huntington_c100_d0,microsatellite_CAG_huntington_c100_d3,microsatellite_CAG_huntington_c50_d0,microsatellite_CAG_huntington_c50_d3,microsatellite_CA_dinucleotide_c100_d0,mixed_whole_locus,nested_cag_in_satellite,satellite_21bp,sine_alu_n3_d15,sine_alu_n3_d5,tandem_period2,tandem_period3,tandem_period4,tandem_period5,tandem_period6,tandem_period7",b4eda53b4a1b05b2af0b28d09bac8abf2dfd5927,immune_vdj_n8_d15,immune_vdj_segment_array,immune_vdj,27,1.0,8,0.15,15,3,13,17,0.1333333333333333,0.20123456790123456,0.17839506172839506,0.001512030705421717,0.022839506172839502,0.008206075995162937,false,false
1,prime_k_ablation_denovo_degree_repeatclass_20260712,local-smoke,"collision_distinct_9bp,collision_shared_9bp,control_nonrepetitive,immune_cassette_n4_d10,immune_mhc_hla_5snp,immune_vdj_n8_d15,immune_vdj_n8_d5,interspersed_n4_d0,interspersed_n4_d3,line_5trunc_d10,microsatellite_AAT_trinucleotide_c100_d0,microsatellite_CAG_huntington_c100_d0,microsatellite_CAG_huntington_c100_d3,microsatellite_CAG_huntington_c50_d0,microsatellite_CAG_huntington_c50_d3,microsatellite_CA_dinucleotide_c100_d0,mixed_whole_locus,nested_cag_in_satellite,satellite_21bp,sine_alu_n3_d15,sine_alu_n3_d5,tandem_period2,tandem_period3,tandem_period4,tandem_period5,tandem_period6,tandem_period7",b4eda53b4a1b05b2af0b28d09bac8abf2dfd5927,immune_vdj_n8_d15,immune_vdj_segment_array,immune_vdj,27,1.0,8,0.15,21,3,19,23,0.3055555555555555,0.40895061728395066,0.31296296296296294,0.026475653334313353,0.09598765432098771,0.08389118196450826,false,false
1,prime_k_ablation_denovo_degree_repeatclass_20260712,local-smoke,"collision_distinct_9bp,collision_shared_9bp,control_nonrepetitive,immune_cassette_n4_d10,immune_mhc_hla_5snp,immune_vdj_n8_d15,immune_vdj_n8_d5,interspersed_n4_d0,interspersed_n4_d3,line_5trunc_d10,microsatellite_AAT_trinucleotide_c100_d0,microsatellite_CAG_huntington_c100_d0,microsatellite_CAG_huntington_c100_d3,microsatellite_CAG_huntington_c50_d0,microsatellite_CAG_huntington_c50_d3,microsatellite_CA_dinucleotide_c100_d0,mixed_whole_locus,nested_cag_in_satellite,satellite_21bp,sine_alu_n3_d15,sine_alu_n3_d5,tandem_period2,tandem_period3,tandem_period4,tandem_period5,tandem_period6,tandem_period7",b4eda53b4a1b05b2af0b28d09bac8abf2dfd5927,immune_vdj_n8_d15,immune_vdj_segment_array,immune_vdj,27,1.0,8,0.15,27,27,25,29,0.6635802469135802,0.7450617283950617,0.6401234567901234,0.37001773335820376,0.1049382716049383,0.6882115723383615,true,false
1,prime_k_ablation_denovo_degree_repeatclass_20260712,local-smoke,"collision_distinct_9bp,collision_shared_9bp,control_nonrepetitive,immune_cassette_n4_d10,immune_mhc_hla_5snp,immune_vdj_n8_d15,immune_vdj_n8_d5,interspersed_n4_d0,interspersed_n4_d3,line_5trunc_d10,microsatellite_AAT_trinucleotide_c100_d0,microsatellite_CAG_huntington_c100_d0,microsatellite_CAG_huntington_c100_d3,microsatellite_CAG_huntington_c50_d0,microsatellite_CAG_huntington_c50_d3,microsatellite_CA_dinucleotide_c100_d0,mixed_whole_locus,nested_cag_in_satellite,satellite_21bp,sine_alu_n3_d15,sine_alu_n3_d5,tandem_period2,tandem_period3,tandem_period4,tandem_period5,tandem_period6,tandem_period7",b4eda53b4a1b05b2af0b28d09bac8abf2dfd5927,immune_vdj_n8_d15,immune_vdj_segment_array,immune_vdj,27,1.0,8,0.15,33,3,31,35,0.7506172839506173,0.5617283950617284,0.638888888888889,0.17108946472027903,-0.0771604938271605,0.3177118634040099,true,false
1,prime_k_ablation_denovo_degree_repeatclass_20260712,local-smoke,"collision_distinct_9bp,collision_shared_9bp,control_nonrepetitive,immune_cassette_n4_d10,immune_mhc_hla_5snp,immune_vdj_n8_d15,immune_vdj_n8_d5,interspersed_n4_d0,interspersed_n4_d3,line_5trunc_d10,microsatellite_AAT_trinucleotide_c100_d0,microsatellite_CAG_huntington_c100_d0,microsatellite_CAG_huntington_c100_d3,microsatellite_CAG_huntington_c50_d0,microsatellite_CAG_huntington_c50_d3,microsatellite_CA_dinucleotide_c100_d0,mixed_whole_locus,nested_cag_in_satellite,satellite_21bp,sine_alu_n3_d15,sine_alu_n3_d5,tandem_period2,tandem_period3,tandem_period4,tandem_period5,tandem_period6,tandem_period7",b4eda53b4a1b05b2af0b28d09bac8abf2dfd5927,sine_alu_n3_d5,sine_alu_interspersed,sine_alu,5,1.0,3,0.05,15,5,13,17,0.25493827160493826,0.48271604938271606,0.29259259259259257,0.08164965809277262,0.1901234567901235,0.22965049021022632,false,false
1,prime_k_ablation_denovo_degree_repeatclass_20260712,local-smoke,"collision_distinct_9bp,collision_shared_9bp,control_nonrepetitive,immune_cassette_n4_d10,immune_mhc_hla_5snp,immune_vdj_n8_d15,immune_vdj_n8_d5,interspersed_n4_d0,interspersed_n4_d3,line_5trunc_d10,microsatellite_AAT_trinucleotide_c100_d0,microsatellite_CAG_huntington_c100_d0,microsatellite_CAG_huntington_c100_d3,microsatellite_CAG_huntington_c50_d0,microsatellite_CAG_huntington_c50_d3,microsatellite_CA_dinucleotide_c100_d0,mixed_whole_locus,nested_cag_in_satellite,satellite_21bp,sine_alu_n3_d15,sine_alu_n3_d5,tandem_period2,tandem_period3,tandem_period4,tandem_period5,tandem_period6,tandem_period7",b4eda53b4a1b05b2af0b28d09bac8abf2dfd5927,sine_alu_n3_d5,sine_alu_interspersed,sine_alu,5,1.0,3,0.05,25,5,23,27,0.945679012345679,0.7929012345679012,0.6635802469135802,0.3939558209281393,0.12932098765432098,0.5827898563442362,true,false
1,prime_k_ablation_denovo_degree_repeatclass_20260712,local-smoke,"collision_distinct_9bp,collision_shared_9bp,control_nonrepetitive,immune_cassette_n4_d10,immune_mhc_hla_5snp,immune_vdj_n8_d15,immune_vdj_n8_d5,interspersed_n4_d0,interspersed_n4_d3,line_5trunc_d10,microsatellite_AAT_trinucleotide_c100_d0,microsatellite_CAG_huntington_c100_d0,microsatellite_CAG_huntington_c100_d3,microsatellite_CAG_huntington_c50_d0,microsatellite_CAG_huntington_c50_d3,microsatellite_CA_dinucleotide_c100_d0,mixed_whole_locus,nested_cag_in_satellite,satellite_21bp,sine_alu_n3_d15,sine_alu_n3_d5,tandem_period2,tandem_period3,tandem_period4,tandem_period5,tandem_period6,tandem_period7",b4eda53b4a1b05b2af0b28d09bac8abf2dfd5927,sine_alu_n3_d15,sine_alu_interspersed,sine_alu,5,1.0,3,0.15,15,5,13,17,0.3561728395061728,0.3493827160493827,0.32592592592592595,0.0,0.02345679012345675,0.058449642388940556,true,false
1,prime_k_ablation_denovo_degree_repeatclass_20260712,local-smoke,"collision_distinct_9bp,collision_shared_9bp,control_nonrepetitive,immune_cassette_n4_d10,immune_mhc_hla_5snp,immune_vdj_n8_d15,immune_vdj_n8_d5,interspersed_n4_d0,interspersed_n4_d3,line_5trunc_d10,microsatellite_AAT_trinucleotide_c100_d0,microsatellite_CAG_huntington_c100_d0,microsatellite_CAG_huntington_c100_d3,microsatellite_CAG_huntington_c50_d0,microsatellite_CAG_huntington_c50_d3,microsatellite_CA_dinucleotide_c100_d0,mixed_whole_locus,nested_cag_in_satellite,satellite_21bp,sine_alu_n3_d15,sine_alu_n3_d5,tandem_period2,tandem_period3,tandem_period4,tandem_period5,tandem_period6,tandem_period7",b4eda53b4a1b05b2af0b28d09bac8abf2dfd5927,sine_alu_n3_d15,sine_alu_interspersed,sine_alu,5,1.0,3,0.15,25,5,23,27,0.945679012345679,0.7929012345679012,0.6635802469135802,0.3939558209281393,0.12932098765432098,0.5827898563442362,true,false
